security_id,current_ticker,provider_tickers_queried,requested_start_date,requested_end_date,isyatirim_status,yfinance_status,raw_snapshot_ids,nominal_snapshot_id,identity_snapshot_id,clean_snapshot_id,label_snapshot_id,first_observed_date,last_observed_date,observed_session_count,missing_session_count,longest_internal_gap_sessions,collection_complete,failure_stage,failure_class,failure_reason,mapping_review_required
SEC_00064f6d8950,SNGYO,SNGYO,2020-03-13,2026-07-29,COMPLETE,COMPLETE,snap_3cf2e12ae7a8fa5a_r0001_3fcc1965ee24|snap_92ed2a2eb1936b23_r0001_ad225f186cc3,snap_bf4397cacad8f98c_r0001_29f4f0443d02,,,,2020-03-13,2026-07-29,1596,,,True,,,,True
SEC_01101a451dad,ALKLC,,2020-03-13,2026-07-29,PENDING,PENDING,,,,,,,,0,,,False,,,,False
SEC_013bd44cb6f7,IZENR,,2020-03-13,2026-07-29,PENDING,PENDING,,,,,,,,0,,,False,,,,False
SEC_0216f2eb2517,AKENR,,2020-03-13,2026-07-29,PENDING,PENDING,,,,,,,,0,,,False,,,,False
SEC_02ba05412e2f,TRILC,,2020-03-13,2026-07-29,PENDING,PENDING,,,,,,,,0,,,False,,,,False
SEC_02c07712da92,BAGFS,,2020-03-13,2026-07-29,PENDING,PENDING,,,,,,,,0,,,False,,,,False
SEC_035c1c8b4282,TSKB,,2020-03-13,2026-07-29,PENDING,PENDING,,,,,,,,0,,,False,,,,False
SEC_041fa4435035,DARDL,,2020-03-13,2026-07-29,PENDING,PENDING,,,,,,,,0,,,False,,,,False
SEC_0478adf9cc5d,KTSKR,,2020-03-13,2026-07-29,PENDING,PENDING,,,,,,,,0,,,False,,,,False
SEC_04820ecce2f2,PAGYO,,2020-03-13,2026-07-29,PENDING,PENDING,,,,,,,,0,,,False,,,,False
SEC_056160ae882f,AVPGY,,2020-03-13,2026-07-29,PENDING,PENDING,,,,,,,,0,,,False,,,,False
SEC_05b1c9a47ec9,ONRYT,,2020-03-13,2026-07-29,PENDING,PENDING,,,,,,,,0,,,False,,,,False
SEC_060d417d1735,DUNYH,,2020-03-13,2026-07-29,PENDING,PENDING,,,,,,,,0,,,False,,,,False
SEC_0613c2808930,IZMDC,,2020-03-13,2026-07-29,PENDING,PENDING,,,,,,,,0,,,False,,,,False
SEC_06794db3b40f,CELHA,,2020-03-13,2026-07-29,PENDING,PENDING,,,,,,,,0,,,False,,,,False
SEC_06e6e10559a8,MANAS,,2020-03-13,2026-07-29,PENDING,PENDING,,,,,,,,0,,,False,,,,False
SEC_07c2c7d723d2,EUHOL,,2020-03-13,2026-07-29,PENDING,PENDING,,,,,,,,0,,,False,,,,False
SEC_08181c50a479,GZNMI,,2020-03-13,2026-07-29,PENDING,PENDING,,,,,,,,0,,,False,,,,False
SEC_08a3167c964e,ALGYO,,2020-03-13,2026-07-29,PENDING,PENDING,,,,,,,,0,,,False,,,,False
SEC_08f231cf48a2,OYAYO,,2020-03-13,2026-07-29,PENDING,PENDING,,,,,,,,0,,,False,,,,False
SEC_09e146cb6e9f,INFO,,2020-03-13,2026-07-29,PENDING,PENDING,,,,,,,,0,,,False,,,,False
SEC_0b8e51d544b2,GOLDA,,2020-03-13,2026-07-29,PENDING,PENDING,,,,,,,,0,,,False,,,,False
SEC_0bcae4923a97,BSOKE,,2020-03-13,2026-07-29,PENDING,PENDING,,,,,,,,0,,,False,,,,False
SEC_0c504aad266b,ELITE,,2020-03-13,2026-07-29,PENDING,PENDING,,,,,,,,0,,,False,,,,False
SEC_0c6a02f7af22,ADGYO,,2020-03-13,2026-07-29,PENDING,PENDING,,,,,,,,0,,,False,,,,False
SEC_0da0a20706d7,ISVEA,,2020-03-13,2026-07-29,PENDING,PENDING,,,,,,,,0,,,False,,,,False
SEC_0ddc94542368,SKYLP,,2020-03-13,2026-07-29,PENDING,PENDING,,,,,,,,0,,,False,,,,False
SEC_0def830ad4fb,SURGY,,2020-03-13,2026-07-29,PENDING,PENDING,,,,,,,,0,,,False,,,,False
SEC_0ecfe0489a66,BRKO,,2020-03-13,2026-07-29,PENDING,PENDING,,,,,,,,0,,,False,,,,False
SEC_0f2baa712775,MHRGY,,2020-03-13,2026-07-29,PENDING,PENDING,,,,,,,,0,,,False,,,,False
SEC_0f390e9a4deb,MIATK,,2020-03-13,2026-07-29,PENDING,PENDING,,,,,,,,0,,,False,,,,False
SEC_0f4bd7b320a7,AZTEK,,2020-03-13,2026-07-29,PENDING,PENDING,,,,,,,,0,,,False,,,,False
SEC_0fd09e17c997,BIZIM,,2020-03-13,2026-07-29,PENDING,PENDING,,,,,,,,0,,,False,,,,False
SEC_0fd50a01b130,EYGYO,,2020-03-13,2026-07-29,PENDING,PENDING,,,,,,,,0,,,False,,,,False
SEC_1039dc1b30aa,NTHOL,,2020-03-13,2026-07-29,PENDING,PENDING,,,,,,,,0,,,False,,,,False
SEC_1073193e5afd,MOPAS,,2020-03-13,2026-07-29,PENDING,PENDING,,,,,,,,0,,,False,,,,False
SEC_12b14ce2953d,MGROS,,2020-03-13,2026-07-29,PENDING,PENDING,,,,,,,,0,,,False,,,,False
SEC_12b6aed35853,BURVA,,2020-03-13,2026-07-29,PENDING,PENDING,,,,,,,,0,,,False,,,,False
SEC_12d182ed0464,AEFES,,2020-03-13,2026-07-29,PENDING,PENDING,,,,,,,,0,,,False,,,,False
SEC_13296ba3d2d5,RUZYE,,2020-03-13,2026-07-29,PENDING,PENDING,,,,,,,,0,,,False,,,,False
SEC_13608480fa8d,KTLEV,,2020-03-13,2026-07-29,PENDING,PENDING,,,,,,,,0,,,False,,,,False
SEC_13959c05932c,AKHAN,,2020-03-13,2026-07-29,PENDING,PENDING,,,,,,,,0,,,False,,,,False
SEC_1403c112c87f,ATSYH,,2020-03-13,2026-07-29,PENDING,PENDING,,,,,,,,0,,,False,,,,False
SEC_149441eb5d5d,EKSUN,,2020-03-13,2026-07-29,PENDING,PENDING,,,,,,,,0,,,False,,,,False
SEC_14ae6f0d04ff,RUBNS,,2020-03-13,2026-07-29,PENDING,PENDING,,,,,,,,0,,,False,,,,False
SEC_14b03f002c0b,UMPAS,,2020-03-13,2026-07-29,PENDING,PENDING,,,,,,,,0,,,False,,,,False
SEC_14b88f5d3641,TURSG,,2020-03-13,2026-07-29,PENDING,PENDING,,,,,,,,0,,,False,,,,False
SEC_14f822d99893,YKBNK,,2020-03-13,2026-07-29,PENDING,PENDING,,,,,,,,0,,,False,,,,False
SEC_15d03e981952,DSTKF,,2020-03-13,2026-07-29,PENDING,PENDING,,,,,,,,0,,,False,,,,False
SEC_163beffcb265,FMIZP,,2020-03-13,2026-07-29,PENDING,PENDING,,,,,,,,0,,,False,,,,False
SEC_164b423607cf,LYDYE,,2020-03-13,2026-07-29,PENDING,PENDING,,,,,,,,0,,,False,,,,False
SEC_166a85fcd36a,CEMTS,,2020-03-13,2026-07-29,PENDING,PENDING,,,,,,,,0,,,False,,,,False
SEC_16810f0f8390,PASEU,,2020-03-13,2026-07-29,PENDING,PENDING,,,,,,,,0,,,False,,,,False
SEC_16d4ab14beb9,ENERY,,2020-03-13,2026-07-29,PENDING,PENDING,,,,,,,,0,,,False,,,,False
SEC_170346650317,DGGYO,,2020-03-13,2026-07-29,PENDING,PENDING,,,,,,,,0,,,False,,,,False
SEC_174ce04251ac,TATEN,,2020-03-13,2026-07-29,PENDING,PENDING,,,,,,,,0,,,False,,,,False
SEC_189de31cd10b,VANGD,,2020-03-13,2026-07-29,PENDING,PENDING,,,,,,,,0,,,False,,,,False
SEC_1929347af0a1,AKCNS,,2020-03-13,2026-07-29,PENDING,PENDING,,,,,,,,0,,,False,,,,False
SEC_19516edd4cc6,GRSEL,,2020-03-13,2026-07-29,PENDING,PENDING,,,,,,,,0,,,False,,,,False
SEC_19a95af962df,SANFM,,2020-03-13,2026-07-29,PENDING,PENDING,,,,,,,,0,,,False,,,,False
SEC_19c2bf02b842,SMRTG,,2020-03-13,2026-07-29,PENDING,PENDING,,,,,,,,0,,,False,,,,False
SEC_19eb20d60f72,QNBTR,,2020-03-13,2026-07-29,PENDING,PENDING,,,,,,,,0,,,False,,,,False
SEC_19eb805f8e5a,TARKM,,2020-03-13,2026-07-29,PENDING,PENDING,,,,,,,,0,,,False,,,,False
SEC_1a54d2621526,ICBCT,,2020-03-13,2026-07-29,PENDING,PENDING,,,,,,,,0,,,False,,,,False
SEC_1ab4b07161e3,ASGYO,,2020-03-13,2026-07-29,PENDING,PENDING,,,,,,,,0,,,False,,,,False
SEC_1b713a6c91fe,BFREN,,2020-03-13,2026-07-29,PENDING,PENDING,,,,,,,,0,,,False,,,,False
SEC_1b87f56f4e79,ULUFA,,2020-03-13,2026-07-29,PENDING,PENDING,,,,,,,,0,,,False,,,,False
SEC_1b8934217368,GENTS,,2020-03-13,2026-07-29,PENDING,PENDING,,,,,,,,0,,,False,,,,False
SEC_1bd0f1d65709,EGEPO,,2020-03-13,2026-07-29,PENDING,PENDING,,,,,,,,0,,,False,,,,False
SEC_1ca3b299c88a,ONCSM,,2020-03-13,2026-07-29,PENDING,PENDING,,,,,,,,0,,,False,,,,False
SEC_1cab4adbc587,ALBRK,,2020-03-13,2026-07-29,PENDING,PENDING,,,,,,,,0,,,False,,,,False
SEC_1cd5526fbc17,ETILR,,2020-03-13,2026-07-29,PENDING,PENDING,,,,,,,,0,,,False,,,,False
SEC_1d2b9e36a019,PNLSN,,2020-03-13,2026-07-29,PENDING,PENDING,,,,,,,,0,,,False,,,,False
SEC_1eb64dc5da26,RALYH,,2020-03-13,2026-07-29,PENDING,PENDING,,,,,,,,0,,,False,,,,False
SEC_1ed54743536a,TUKAS,,2020-03-13,2026-07-29,PENDING,PENDING,,,,,,,,0,,,False,,,,False
SEC_1ef075053fab,JANTS,,2020-03-13,2026-07-29,PENDING,PENDING,,,,,,,,0,,,False,,,,False
SEC_210a9cc69077,ARCLK,,2020-03-13,2026-07-29,PENDING,PENDING,,,,,,,,0,,,False,,,,False
SEC_2133cdd6c5d1,KSTUR,,2020-03-13,2026-07-29,PENDING,PENDING,,,,,,,,0,,,False,,,,False
SEC_21b76758e736,GARAN,,2020-03-13,2026-07-29,PENDING,PENDING,,,,,,,,0,,,False,,,,False
SEC_228d9c57706e,BRLSM,,2020-03-13,2026-07-29,PENDING,PENDING,,,,,,,,0,,,False,,,,False
SEC_23659cb35b19,IDGYO,,2020-03-13,2026-07-29,PENDING,PENDING,,,,,,,,0,,,False,,,,False
SEC_23e9d029b564,LYDHO,,2020-03-13,2026-07-29,PENDING,PENDING,,,,,,,,0,,,False,,,,False
SEC_251e21872fd0,CONSE,,2020-03-13,2026-07-29,PENDING,PENDING,,,,,,,,0,,,False,,,,False
SEC_256683bcc05c,GMTAS,,2020-03-13,2026-07-29,PENDING,PENDING,,,,,,,,0,,,False,,,,False
SEC_2574dc50f6f3,SRVGY,,2020-03-13,2026-07-29,PENDING,PENDING,,,,,,,,0,,,False,,,,False
SEC_25e8b012c26e,BAYRK,,2020-03-13,2026-07-29,PENDING,PENDING,,,,,,,,0,,,False,,,,False
SEC_262b539bd937,OSMEN,,2020-03-13,2026-07-29,PENDING,PENDING,,,,,,,,0,,,False,,,,False
SEC_26bd00b2e9b5,ULUUN,,2020-03-13,2026-07-29,PENDING,PENDING,,,,,,,,0,,,False,,,,False
SEC_2714b3a78c01,OZSUB,,2020-03-13,2026-07-29,PENDING,PENDING,,,,,,,,0,,,False,,,,False
SEC_2826316bb43f,GUNDG,,2020-03-13,2026-07-29,PENDING,PENDING,,,,,,,,0,,,False,,,,False
SEC_28334ffbc636,YBTAS,,2020-03-13,2026-07-29,PENDING,PENDING,,,,,,,,0,,,False,,,,False
SEC_286b88450992,SARKY,,2020-03-13,2026-07-29,PENDING,PENDING,,,,,,,,0,,,False,,,,False
SEC_286dee27e1fa,BIENY,,2020-03-13,2026-07-29,PENDING,PENDING,,,,,,,,0,,,False,,,,False
SEC_2a37109a14f2,NIBAS,,2020-03-13,2026-07-29,PENDING,PENDING,,,,,,,,0,,,False,,,,False
SEC_2a55d9032bec,BEGYO,,2020-03-13,2026-07-29,PENDING,PENDING,,,,,,,,0,,,False,,,,False
SEC_2a9f8d151c01,DESPC,,2020-03-13,2026-07-29,PENDING,PENDING,,,,,,,,0,,,False,,,,False
SEC_2acdd7453034,ULAS,,2020-03-13,2026-07-29,PENDING,PENDING,,,,,,,,0,,,False,,,,False
SEC_2afd0028b0b5,POLHO,,2020-03-13,2026-07-29,PENDING,PENDING,,,,,,,,0,,,False,,,,False
SEC_2b592ca4fb7a,MAKIM,,2020-03-13,2026-07-29,PENDING,PENDING,,,,,,,,0,,,False,,,,False
SEC_2bb23a16cab2,ACSEL,,2020-03-13,2026-07-29,PENDING,PENDING,,,,,,,,0,,,False,,,,False
SEC_2bf2a28b69fc,A1YEN,,2020-03-13,2026-07-29,PENDING,PENDING,,,,,,,,0,,,False,,,,False
SEC_2c887b37a9a8,AKYHO,,2020-03-13,2026-07-29,PENDING,PENDING,,,,,,,,0,,,False,,,,False
SEC_2cbf518ac1df,ARMGD,,2020-03-13,2026-07-29,PENDING,PENDING,,,,,,,,0,,,False,,,,False
SEC_2ccc705a12fa,ASELS,,2020-03-13,2026-07-29,PENDING,PENDING,,,,,,,,0,,,False,,,,False
SEC_2cda803838d4,TGSAS,,2020-03-13,2026-07-29,PENDING,PENDING,,,,,,,,0,,,False,,,,False
SEC_2d5ee664fc85,SDTTR,,2020-03-13,2026-07-29,PENDING,PENDING,,,,,,,,0,,,False,,,,False
SEC_2de2b93e3418,YKSLN,,2020-03-13,2026-07-29,PENDING,PENDING,,,,,,,,0,,,False,,,,False
SEC_2e4fa4b6a67c,ANHYT,,2020-03-13,2026-07-29,PENDING,PENDING,,,,,,,,0,,,False,,,,False
SEC_2e7ace754a4e,KRGYO,,2020-03-13,2026-07-29,PENDING,PENDING,,,,,,,,0,,,False,,,,False
SEC_2f6edac687d5,YGGYO,,2020-03-13,2026-07-29,PENDING,PENDING,,,,,,,,0,,,False,,,,False
SEC_2f75f3f50d8e,AGESA,,2020-03-13,2026-07-29,PENDING,PENDING,,,,,,,,0,,,False,,,,False
SEC_2fc52ef71c26,ORMA,,2020-03-13,2026-07-29,PENDING,PENDING,,,,,,,,0,,,False,,,,False
SEC_2fd9064b4ff4,INVES,,2020-03-13,2026-07-29,PENDING,PENDING,,,,,,,,0,,,False,,,,False
SEC_30af89b3a234,KRDMB,,2020-03-13,2026-07-29,PENDING,PENDING,,,,,,,,0,,,False,,,,False
SEC_316f4bf1e4f8,GLRMK,,2020-03-13,2026-07-29,PENDING,PENDING,,,,,,,,0,,,False,,,,False
SEC_31a1b3494d47,EREGL,,2020-03-13,2026-07-29,PENDING,PENDING,,,,,,,,0,,,False,,,,False
SEC_341e9fd9157d,EDATA,,2020-03-13,2026-07-29,PENDING,PENDING,,,,,,,,0,,,False,,,,False
SEC_3469d05177da,BALSU,,2020-03-13,2026-07-29,PENDING,PENDING,,,,,,,,0,,,False,,,,False
SEC_34a2114adfed,KOTON,,2020-03-13,2026-07-29,PENDING,PENDING,,,,,,,,0,,,False,,,,False
SEC_34e22d720ec5,FADE,,2020-03-13,2026-07-29,PENDING,PENDING,,,,,,,,0,,,False,,,,False
SEC_353c673a9040,AVTUR,,2020-03-13,2026-07-29,PENDING,PENDING,,,,,,,,0,,,False,,,,False
SEC_36bf24d49712,PATEK,,2020-03-13,2026-07-29,PENDING,PENDING,,,,,,,,0,,,False,,,,False
SEC_36e7e5135be2,ICUGS,,2020-03-13,2026-07-29,PENDING,PENDING,,,,,,,,0,,,False,,,,False
SEC_370481710182,MARMR,,2020-03-13,2026-07-29,PENDING,PENDING,,,,,,,,0,,,False,,,,False
SEC_371d6f84281a,VBTYZ,,2020-03-13,2026-07-29,PENDING,PENDING,,,,,,,,0,,,False,,,,False
SEC_37dc46e91969,MNDRS,,2020-03-13,2026-07-29,PENDING,PENDING,,,,,,,,0,,,False,,,,False
SEC_38e7a41f3d5c,TDGYO,,2020-03-13,2026-07-29,PENDING,PENDING,,,,,,,,0,,,False,,,,False
SEC_3a275c5250f9,VKING,,2020-03-13,2026-07-29,PENDING,PENDING,,,,,,,,0,,,False,,,,False
SEC_3a2a7700a969,OYAKC,,2020-03-13,2026-07-29,PENDING,PENDING,,,,,,,,0,,,False,,,,False
SEC_3a612609ca41,PETUN,,2020-03-13,2026-07-29,PENDING,PENDING,,,,,,,,0,,,False,,,,False
SEC_3b30b31863be,LIDFA,,2020-03-13,2026-07-29,PENDING,PENDING,,,,,,,,0,,,False,,,,False
SEC_3be1679a1693,ANELE,,2020-03-13,2026-07-29,PENDING,PENDING,,,,,,,,0,,,False,,,,False
SEC_3c1ae3db077b,ADESE,,2020-03-13,2026-07-29,PENDING,PENDING,,,,,,,,0,,,False,,,,False
SEC_3c1ca0322653,OZKGY,,2020-03-13,2026-07-29,PENDING,PENDING,,,,,,,,0,,,False,,,,False
SEC_3ce171ef9fa1,KORDS,,2020-03-13,2026-07-29,PENDING,PENDING,,,,,,,,0,,,False,,,,False
SEC_3d025ed0ccf7,BERA,,2020-03-13,2026-07-29,PENDING,PENDING,,,,,,,,0,,,False,,,,False
SEC_3d58d1a2d2bb,ODAS,,2020-03-13,2026-07-29,PENDING,PENDING,,,,,,,,0,,,False,,,,False
SEC_3de0a57a155f,ENTRA,,2020-03-13,2026-07-29,PENDING,PENDING,,,,,,,,0,,,False,,,,False
SEC_3deace0845ba,SVGYO,,2020-03-13,2026-07-29,PENDING,PENDING,,,,,,,,0,,,False,,,,False
SEC_3e4fa5adf334,YESIL,,2020-03-13,2026-07-29,PENDING,PENDING,,,,,,,,0,,,False,,,,False
SEC_3eb72d9c955d,KUYAS,,2020-03-13,2026-07-29,PENDING,PENDING,,,,,,,,0,,,False,,,,False
SEC_3f2469940768,OTKAR,,2020-03-13,2026-07-29,PENDING,PENDING,,,,,,,,0,,,False,,,,False
SEC_3f3e698cd6b6,GUBRF,,2020-03-13,2026-07-29,PENDING,PENDING,,,,,,,,0,,,False,,,,False
SEC_3f7b77fd2160,KLRHO,,2020-03-13,2026-07-29,PENDING,PENDING,,,,,,,,0,,,False,,,,False
SEC_40b7b85e4757,BASGZ,,2020-03-13,2026-07-29,PENDING,PENDING,,,,,,,,0,,,False,,,,False
SEC_40c10e740b43,OBASE,,2020-03-13,2026-07-29,PENDING,PENDING,,,,,,,,0,,,False,,,,False
SEC_40fe59c434e0,GOODY,,2020-03-13,2026-07-29,PENDING,PENDING,,,,,,,,0,,,False,,,,False
SEC_41b6e547c594,KLSYN,,2020-03-13,2026-07-29,PENDING,PENDING,,,,,,,,0,,,False,,,,False
SEC_41ba20a54f19,CEOEM,,2020-03-13,2026-07-29,PENDING,PENDING,,,,,,,,0,,,False,,,,False
SEC_41c61f49255e,GARFA,,2020-03-13,2026-07-29,PENDING,PENDING,,,,,,,,0,,,False,,,,False
SEC_4276a0977fd4,FORMT,,2020-03-13,2026-07-29,PENDING,PENDING,,,,,,,,0,,,False,,,,False
SEC_42df84f31cd1,ETYAT,,2020-03-13,2026-07-29,PENDING,PENDING,,,,,,,,0,,,False,,,,False
SEC_436595b365af,TABGD,,2020-03-13,2026-07-29,PENDING,PENDING,,,,,,,,0,,,False,,,,False
SEC_437aa8911ef5,TURGG,,2020-03-13,2026-07-29,PENDING,PENDING,,,,,,,,0,,,False,,,,False
SEC_43ac4f9b6585,AKBNK,,2020-03-13,2026-07-29,PENDING,PENDING,,,,,,,,0,,,False,,,,False
SEC_44363414dae7,MERKO,,2020-03-13,2026-07-29,PENDING,PENDING,,,,,,,,0,,,False,,,,False
SEC_4436a0040f4f,TAVHL,,2020-03-13,2026-07-29,PENDING,PENDING,,,,,,,,0,,,False,,,,False
SEC_444a261b8b9b,THYAO,,2020-03-13,2026-07-29,PENDING,PENDING,,,,,,,,0,,,False,,,,False
SEC_449316bb999f,HLGYO,,2020-03-13,2026-07-29,PENDING,PENDING,,,,,,,,0,,,False,,,,False
SEC_44f79df2b93a,VERTU,,2020-03-13,2026-07-29,PENDING,PENDING,,,,,,,,0,,,False,,,,False
SEC_454e8029ed2f,EMNIS,,2020-03-13,2026-07-29,PENDING,PENDING,,,,,,,,0,,,False,,,,False
SEC_45565fd83ccf,KLMSN,,2020-03-13,2026-07-29,PENDING,PENDING,,,,,,,,0,,,False,,,,False
SEC_45a56cebc1e2,KARTN,,2020-03-13,2026-07-29,PENDING,PENDING,,,,,,,,0,,,False,,,,False
SEC_45b313a22f18,PNSUT,,2020-03-13,2026-07-29,PENDING,PENDING,,,,,,,,0,,,False,,,,False
SEC_45e69ca392d1,MEYSU,,2020-03-13,2026-07-29,PENDING,PENDING,,,,,,,,0,,,False,,,,False
SEC_46cbc274b8f8,BLUME,,2020-03-13,2026-07-29,PENDING,PENDING,,,,,,,,0,,,False,,,,False
SEC_4730a4626b9c,PENGD,,2020-03-13,2026-07-29,PENDING,PENDING,,,,,,,,0,,,False,,,,False
SEC_4754eb87adee,RYGYO,,2020-03-13,2026-07-29,PENDING,PENDING,,,,,,,,0,,,False,,,,False
SEC_48036f50801c,CCOLA,,2020-03-13,2026-07-29,PENDING,PENDING,,,,,,,,0,,,False,,,,False
SEC_486308fcd63a,ALFAS,,2020-03-13,2026-07-29,PENDING,PENDING,,,,,,,,0,,,False,,,,False
SEC_486cad6cc587,BARMA,,2020-03-13,2026-07-29,PENDING,PENDING,,,,,,,,0,,,False,,,,False
SEC_48ae909a5217,RTALB,,2020-03-13,2026-07-29,PENDING,PENDING,,,,,,,,0,,,False,,,,False
SEC_4966277855c0,HDFGS,,2020-03-13,2026-07-29,PENDING,PENDING,,,,,,,,0,,,False,,,,False
SEC_496b960dddd1,GOKNR,,2020-03-13,2026-07-29,PENDING,PENDING,,,,,,,,0,,,False,,,,False
SEC_4973243f32f3,TRGYO,,2020-03-13,2026-07-29,PENDING,PENDING,,,,,,,,0,,,False,,,,False
SEC_4ad3ec9aae03,TOASO,,2020-03-13,2026-07-29,PENDING,PENDING,,,,,,,,0,,,False,,,,False
SEC_4baa28b74e22,SASA,,2020-03-13,2026-07-29,PENDING,PENDING,,,,,,,,0,,,False,,,,False
SEC_4bbbfe816bf4,AGHOL,,2020-03-13,2026-07-29,PENDING,PENDING,,,,,,,,0,,,False,,,,False
SEC_4bc9c1317e1f,ATATP,,2020-03-13,2026-07-29,PENDING,PENDING,,,,,,,,0,,,False,,,,False
SEC_4d34f26198b8,KAREL,,2020-03-13,2026-07-29,PENDING,PENDING,,,,,,,,0,,,False,,,,False
SEC_4db9a339610a,BNTAS,,2020-03-13,2026-07-29,PENDING,PENDING,,,,,,,,0,,,False,,,,False
SEC_4dbeca7875b3,COSMO,,2020-03-13,2026-07-29,PENDING,PENDING,,,,,,,,0,,,False,,,,False
SEC_4dd7aa6498dd,YAYLA,,2020-03-13,2026-07-29,PENDING,PENDING,,,,,,,,0,,,False,,,,False
SEC_4e7ec7761869,KONYA,,2020-03-13,2026-07-29,PENDING,PENDING,,,,,,,,0,,,False,,,,False
SEC_4ed369e7014d,ASUZU,,2020-03-13,2026-07-29,PENDING,PENDING,,,,,,,,0,,,False,,,,False
SEC_4ed60b990009,ARFYE,,2020-03-13,2026-07-29,PENDING,PENDING,,,,,,,,0,,,False,,,,False
SEC_4f40e1b26182,SMRVA,,2020-03-13,2026-07-29,PENDING,PENDING,,,,,,,,0,,,False,,,,False
SEC_4f505c38d44c,DOFER,,2020-03-13,2026-07-29,PENDING,PENDING,,,,,,,,0,,,False,,,,False
SEC_510b28da97ea,CRDFA,,2020-03-13,2026-07-29,PENDING,PENDING,,,,,,,,0,,,False,,,,False
SEC_510cb8b7c846,ATEKS,,2020-03-13,2026-07-29,PENDING,PENDING,,,,,,,,0,,,False,,,,False
SEC_515766054a90,DMSAS,,2020-03-13,2026-07-29,PENDING,PENDING,,,,,,,,0,,,False,,,,False
SEC_524470aba2cb,ADEL,,2020-03-13,2026-07-29,PENDING,PENDING,,,,,,,,0,,,False,,,,False
SEC_524d5decca75,OZRDN,,2020-03-13,2026-07-29,PENDING,PENDING,,,,,,,,0,,,False,,,,False
SEC_5261b059daaf,TMSN,,2020-03-13,2026-07-29,PENDING,PENDING,,,,,,,,0,,,False,,,,False
SEC_531fb1252815,AKFYE,,2020-03-13,2026-07-29,PENDING,PENDING,,,,,,,,0,,,False,,,,False
SEC_53505c04587f,ISGSY,,2020-03-13,2026-07-29,PENDING,PENDING,,,,,,,,0,,,False,,,,False
SEC_542d04afc54d,SEKUR,,2020-03-13,2026-07-29,PENDING,PENDING,,,,,,,,0,,,False,,,,False
SEC_54408e4084fd,INTEM,,2020-03-13,2026-07-29,PENDING,PENDING,,,,,,,,0,,,False,,,,False
SEC_54d1a934a592,BIGCH,,2020-03-13,2026-07-29,PENDING,PENDING,,,,,,,,0,,,False,,,,False
SEC_5506f4edb3e3,ALKIM,,2020-03-13,2026-07-29,PENDING,PENDING,,,,,,,,0,,,False,,,,False
SEC_55503a1aca04,SNPAM,,2020-03-13,2026-07-29,PENDING,PENDING,,,,,,,,0,,,False,,,,False
SEC_55671192402b,INGRM,,2020-03-13,2026-07-29,PENDING,PENDING,,,,,,,,0,,,False,,,,False
SEC_55bb7006c48b,MNDTR,,2020-03-13,2026-07-29,PENDING,PENDING,,,,,,,,0,,,False,,,,False
SEC_55dcc776cb74,MCARD,,2020-03-13,2026-07-29,PENDING,PENDING,,,,,,,,0,,,False,,,,False
SEC_56648001a516,GIPTA,,2020-03-13,2026-07-29,PENDING,PENDING,,,,,,,,0,,,False,,,,False
SEC_56b4c6562d06,OTTO,,2020-03-13,2026-07-29,PENDING,PENDING,,,,,,,,0,,,False,,,,False
SEC_570f2896d5c7,ALTNY,,2020-03-13,2026-07-29,PENDING,PENDING,,,,,,,,0,,,False,,,,False
SEC_5784d11ac515,CASA,,2020-03-13,2026-07-29,PENDING,PENDING,,,,,,,,0,,,False,,,,False
SEC_57877e1c48c9,EMKEL,,2020-03-13,2026-07-29,PENDING,PENDING,,,,,,,,0,,,False,,,,False
SEC_5909f417ef85,HUBVC,,2020-03-13,2026-07-29,PENDING,PENDING,,,,,,,,0,,,False,,,,False
SEC_59a26a95c395,ALCAR,,2020-03-13,2026-07-29,PENDING,PENDING,,,,,,,,0,,,False,,,,False
SEC_5a102d7f71c6,EUPWR,,2020-03-13,2026-07-29,PENDING,PENDING,,,,,,,,0,,,False,,,,False
SEC_5a6f1deb4111,PENTA,,2020-03-13,2026-07-29,PENDING,PENDING,,,,,,,,0,,,False,,,,False
SEC_5ad0c5697570,EKIM,,2020-03-13,2026-07-29,PENDING,PENDING,,,,,,,,0,,,False,,,,False
SEC_5b2117d1ab3e,HURGZ,,2020-03-13,2026-07-29,PENDING,PENDING,,,,,,,,0,,,False,,,,False
SEC_5c263e01d510,ALBTN,,2020-03-13,2026-07-29,PENDING,PENDING,,,,,,,,0,,,False,,,,False
SEC_5c82ef9c2383,CANTE,,2020-03-13,2026-07-29,PENDING,PENDING,,,,,,,,0,,,False,,,,False
SEC_5ccec9eb1321,OZYSR,,2020-03-13,2026-07-29,PENDING,PENDING,,,,,,,,0,,,False,,,,False
SEC_5da29113964c,MEDTR,,2020-03-13,2026-07-29,PENDING,PENDING,,,,,,,,0,,,False,,,,False
SEC_5e1cd2148896,BTCIM,,2020-03-13,2026-07-29,PENDING,PENDING,,,,,,,,0,,,False,,,,False
SEC_5ea2102c3f23,VAKFN,,2020-03-13,2026-07-29,PENDING,PENDING,,,,,,,,0,,,False,,,,False
SEC_5ef500f15b33,FLAP,,2020-03-13,2026-07-29,PENDING,PENDING,,,,,,,,0,,,False,,,,False
SEC_5f32e9250600,DERIM,,2020-03-13,2026-07-29,PENDING,PENDING,,,,,,,,0,,,False,,,,False
SEC_6031038097a8,ENDAE,,2020-03-13,2026-07-29,PENDING,PENDING,,,,,,,,0,,,False,,,,False
SEC_611720610fff,CLEBI,,2020-03-13,2026-07-29,PENDING,PENDING,,,,,,,,0,,,False,,,,False
SEC_6177fc71d60f,ARDYZ,,2020-03-13,2026-07-29,PENDING,PENDING,,,,,,,,0,,,False,,,,False
SEC_640b53501242,DGNMO,,2020-03-13,2026-07-29,PENDING,PENDING,,,,,,,,0,,,False,,,,False
SEC_64d435e6b4a3,SUMAS,,2020-03-13,2026-07-29,PENDING,PENDING,,,,,,,,0,,,False,,,,False
SEC_6536a9c69371,SEKFK,,2020-03-13,2026-07-29,PENDING,PENDING,,,,,,,,0,,,False,,,,False
SEC_6569267a85d8,ENSRI,,2020-03-13,2026-07-29,PENDING,PENDING,,,,,,,,0,,,False,,,,False
SEC_65a584f74789,ORZAX,,2020-03-13,2026-07-29,PENDING,PENDING,,,,,,,,0,,,False,,,,False
SEC_6850f653dfd0,SOHOE,,2020-03-13,2026-07-29,PENDING,PENDING,,,,,,,,0,,,False,,,,False
SEC_69aff7d529f4,UFUK,,2020-03-13,2026-07-29,PENDING,PENDING,,,,,,,,0,,,False,,,,False
SEC_6a3f29724678,TLMAN,,2020-03-13,2026-07-29,PENDING,PENDING,,,,,,,,0,,,False,,,,False
SEC_6ae4df948795,PRDGS,,2020-03-13,2026-07-29,PENDING,PENDING,,,,,,,,0,,,False,,,,False
SEC_6affa666d6ce,FONET,,2020-03-13,2026-07-29,PENDING,PENDING,,,,,,,,0,,,False,,,,False
SEC_6ba8d4d956c1,BVSAN,,2020-03-13,2026-07-29,PENDING,PENDING,,,,,,,,0,,,False,,,,False
SEC_6bd11af2ea52,KOPOL,,2020-03-13,2026-07-29,PENDING,PENDING,,,,,,,,0,,,False,,,,False
SEC_6be87fc32578,CUSAN,,2020-03-13,2026-07-29,PENDING,PENDING,,,,,,,,0,,,False,,,,False
SEC_6c86f591c0eb,SODSN,,2020-03-13,2026-07-29,PENDING,PENDING,,,,,,,,0,,,False,,,,False
SEC_6d06a01c0c2c,SELVA,,2020-03-13,2026-07-29,PENDING,PENDING,,,,,,,,0,,,False,,,,False
SEC_6e1557904577,TEZOL,,2020-03-13,2026-07-29,PENDING,PENDING,,,,,,,,0,,,False,,,,False
SEC_6e755163224e,MTRYO,,2020-03-13,2026-07-29,PENDING,PENDING,,,,,,,,0,,,False,,,,False
SEC_6f47c88b6e8b,AKFIS,,2020-03-13,2026-07-29,PENDING,PENDING,,,,,,,,0,,,False,,,,False
SEC_6f71d9bece8b,TUPRS,,2020-03-13,2026-07-29,PENDING,PENDING,,,,,,,,0,,,False,,,,False
SEC_6f99d30c13c3,PCILT,,2020-03-13,2026-07-29,PENDING,PENDING,,,,,,,,0,,,False,,,,False
SEC_6fb296890e26,INDES,,2020-03-13,2026-07-29,PENDING,PENDING,,,,,,,,0,,,False,,,,False
SEC_701b56b6b1d2,ODINE,,2020-03-13,2026-07-29,PENDING,PENDING,,,,,,,,0,,,False,,,,False
SEC_708ecaddf305,SAMAT,,2020-03-13,2026-07-29,PENDING,PENDING,,,,,,,,0,,,False,,,,False
SEC_70fa6a6024bb,BRYAT,,2020-03-13,2026-07-29,PENDING,PENDING,,,,,,,,0,,,False,,,,False
SEC_7116174aac17,SEYKM,,2020-03-13,2026-07-29,PENDING,PENDING,,,,,,,,0,,,False,,,,False
SEC_7237d6ee402a,YYAPI,,2020-03-13,2026-07-29,PENDING,PENDING,,,,,,,,0,,,False,,,,False
SEC_724d849fd1ee,BRKSN,,2020-03-13,2026-07-29,PENDING,PENDING,,,,,,,,0,,,False,,,,False
SEC_73f2a0593a9a,KCHOL,,2020-03-13,2026-07-29,PENDING,PENDING,,,,,,,,0,,,False,,,,False
SEC_7472dd0d8c63,SOKM,,2020-03-13,2026-07-29,PENDING,PENDING,,,,,,,,0,,,False,,,,False
SEC_748858b95d82,ISKUR,,2020-03-13,2026-07-29,PENDING,PENDING,,,,,,,,0,,,False,,,,False
SEC_756ef6b2df7a,BRISA,,2020-03-13,2026-07-29,PENDING,PENDING,,,,,,,,0,,,False,,,,False
SEC_7666c4de6ba7,VERUS,,2020-03-13,2026-07-29,PENDING,PENDING,,,,,,,,0,,,False,,,,False
SEC_7670d2df18aa,AHGAZ,,2020-03-13,2026-07-29,PENDING,PENDING,,,,,,,,0,,,False,,,,False
SEC_76f7374d52c5,KCAER,,2020-03-13,2026-07-29,PENDING,PENDING,,,,,,,,0,,,False,,,,False
SEC_77d4f2b2186b,GWIND,,2020-03-13,2026-07-29,PENDING,PENDING,,,,,,,,0,,,False,,,,False
SEC_786870cc8b94,HALKB,,2020-03-13,2026-07-29,PENDING,PENDING,,,,,,,,0,,,False,,,,False
SEC_786c2177f751,ZOREN,,2020-03-13,2026-07-29,PENDING,PENDING,,,,,,,,0,,,False,,,,False
SEC_7921eb2827b6,BMSTL,,2020-03-13,2026-07-29,PENDING,PENDING,,,,,,,,0,,,False,,,,False
SEC_796dfd9f7b7b,CGCAM,,2020-03-13,2026-07-29,PENDING,PENDING,,,,,,,,0,,,False,,,,False
SEC_798ed0104aaf,BOSSA,,2020-03-13,2026-07-29,PENDING,PENDING,,,,,,,,0,,,False,,,,False
SEC_7a6abaa1928a,YIGIT,,2020-03-13,2026-07-29,PENDING,PENDING,,,,,,,,0,,,False,,,,False
SEC_7a7ef1b62704,ZEDUR,,2020-03-13,2026-07-29,PENDING,PENDING,,,,,,,,0,,,False,,,,False
SEC_7ad8eb64aa81,DAPGM,,2020-03-13,2026-07-29,PENDING,PENDING,,,,,,,,0,,,False,,,,False
SEC_7b35516b9b98,KARSN,,2020-03-13,2026-07-29,PENDING,PENDING,,,,,,,,0,,,False,,,,False
SEC_7c35469dd970,PETKM,,2020-03-13,2026-07-29,PENDING,PENDING,,,,,,,,0,,,False,,,,False
SEC_7d40e5b770d8,TCELL,,2020-03-13,2026-07-29,PENDING,PENDING,,,,,,,,0,,,False,,,,False
SEC_7da6b0aa5d3b,ISYAT,,2020-03-13,2026-07-29,PENDING,PENDING,,,,,,,,0,,,False,,,,False
SEC_7dc2d4adc4cd,ERBOS,,2020-03-13,2026-07-29,PENDING,PENDING,,,,,,,,0,,,False,,,,False
SEC_7e1150dfa2c2,MAVI,,2020-03-13,2026-07-29,PENDING,PENDING,,,,,,,,0,,,False,,,,False
SEC_7e156b7bf816,RGYAS,,2020-03-13,2026-07-29,PENDING,PENDING,,,,,,,,0,,,False,,,,False
SEC_7e1db2620ef1,VAKKO,,2020-03-13,2026-07-29,PENDING,PENDING,,,,,,,,0,,,False,,,,False
SEC_7e83a43f2296,MAGEN,,2020-03-13,2026-07-29,PENDING,PENDING,,,,,,,,0,,,False,,,,False
SEC_7e8c1ed72868,EDIP,,2020-03-13,2026-07-29,PENDING,PENDING,,,,,,,,0,,,False,,,,False
SEC_7ea9342199ef,PINSU,,2020-03-13,2026-07-29,PENDING,PENDING,,,,,,,,0,,,False,,,,False
SEC_7ec9bb5ec68c,VSNMD,,2020-03-13,2026-07-29,PENDING,PENDING,,,,,,,,0,,,False,,,,False
SEC_7eef402ead69,EMPAE,,2020-03-13,2026-07-29,PENDING,PENDING,,,,,,,,0,,,False,,,,False
SEC_7f7eec5107e3,KAYSE,,2020-03-13,2026-07-29,PENDING,PENDING,,,,,,,,0,,,False,,,,False
SEC_7fc4a8b168ab,YONGA,,2020-03-13,2026-07-29,PENDING,PENDING,,,,,,,,0,,,False,,,,False
SEC_80a8900cfed0,TSPOR,,2020-03-13,2026-07-29,PENDING,PENDING,,,,,,,,0,,,False,,,,False
SEC_81067270b05a,TSGYO,,2020-03-13,2026-07-29,PENDING,PENDING,,,,,,,,0,,,False,,,,False
SEC_815d6bf9688f,AKFGY,,2020-03-13,2026-07-29,PENDING,PENDING,,,,,,,,0,,,False,,,,False
SEC_81d0cf1de9ca,YATAS,,2020-03-13,2026-07-29,PENDING,PENDING,,,,,,,,0,,,False,,,,False
SEC_81d72a045c31,HATSN,,2020-03-13,2026-07-29,PENDING,PENDING,,,,,,,,0,,,False,,,,False
SEC_8215a720764f,KMPUR,,2020-03-13,2026-07-29,PENDING,PENDING,,,,,,,,0,,,False,,,,False
SEC_821d05bc35f1,IZINV,,2020-03-13,2026-07-29,PENDING,PENDING,,,,,,,,0,,,False,,,,False
SEC_823f8bb1c881,MMCAS,,2020-03-13,2026-07-29,PENDING,PENDING,,,,,,,,0,,,False,,,,False
SEC_82dd061435e7,VKGYO,,2020-03-13,2026-07-29,PENDING,PENDING,,,,,,,,0,,,False,,,,False
SEC_830f50046beb,EGPRO,,2020-03-13,2026-07-29,PENDING,PENDING,,,,,,,,0,,,False,,,,False
SEC_8355a4dd31c9,ULUSE,,2020-03-13,2026-07-29,PENDING,PENDING,,,,,,,,0,,,False,,,,False
SEC_83762d5485b0,AKSUE,,2020-03-13,2026-07-29,PENDING,PENDING,,,,,,,,0,,,False,,,,False
SEC_8429a0b15f88,EKDMR,,2020-03-13,2026-07-29,PENDING,PENDING,,,,,,,,0,,,False,,,,False
SEC_850c3df7ab84,OZGYO,,2020-03-13,2026-07-29,PENDING,PENDING,,,,,,,,0,,,False,,,,False
SEC_85286afe1e75,LMKDC,,2020-03-13,2026-07-29,PENDING,PENDING,,,,,,,,0,,,False,,,,False
SEC_8586d8fe6d0e,DYOBY,,2020-03-13,2026-07-29,PENDING,PENDING,,,,,,,,0,,,False,,,,False
SEC_85b0e5c75c62,ORCAY,,2020-03-13,2026-07-29,PENDING,PENDING,,,,,,,,0,,,False,,,,False
SEC_85e4c613a16f,SAHOL,,2020-03-13,2026-07-29,PENDING,PENDING,,,,,,,,0,,,False,,,,False
SEC_86d63c3b1ac1,KATMR,,2020-03-13,2026-07-29,PENDING,PENDING,,,,,,,,0,,,False,,,,False
SEC_86d6b76c3646,GLBMD,,2020-03-13,2026-07-29,PENDING,PENDING,,,,,,,,0,,,False,,,,False
SEC_88bcff5a54e9,ENJSA,,2020-03-13,2026-07-29,PENDING,PENDING,,,,,,,,0,,,False,,,,False
SEC_897d5842c99d,HATEK,,2020-03-13,2026-07-29,PENDING,PENDING,,,,,,,,0,,,False,,,,False
SEC_89834cc8b9de,PEKGY,,2020-03-13,2026-07-29,PENDING,PENDING,,,,,,,,0,,,False,,,,False
SEC_89d040779882,DITAS,,2020-03-13,2026-07-29,PENDING,PENDING,,,,,,,,0,,,False,,,,False
SEC_8a25ed2dc366,BLCYT,,2020-03-13,2026-07-29,PENDING,PENDING,,,,,,,,0,,,False,,,,False
SEC_8a2ccf9b1d47,BULGS,,2020-03-13,2026-07-29,PENDING,PENDING,,,,,,,,0,,,False,,,,False
SEC_8aafa1b90b5b,ALCTL,,2020-03-13,2026-07-29,PENDING,PENDING,,,,,,,,0,,,False,,,,False
SEC_8ada3fa7c608,TRENJ,,2020-03-13,2026-07-29,PENDING,PENDING,,,,,,,,0,,,False,,,,False
SEC_8afe07035220,KBORU,,2020-03-13,2026-07-29,PENDING,PENDING,,,,,,,,0,,,False,,,,False
SEC_8b6d3f19cb19,GENIL,,2020-03-13,2026-07-29,PENDING,PENDING,,,,,,,,0,,,False,,,,False
SEC_8b6fa36202bf,AYGAZ,,2020-03-13,2026-07-29,PENDING,PENDING,,,,,,,,0,,,False,,,,False
SEC_8b92ae934066,PAPIL,,2020-03-13,2026-07-29,PENDING,PENDING,,,,,,,,0,,,False,,,,False
SEC_8d645cabced4,KUTPO,,2020-03-13,2026-07-29,PENDING,PENDING,,,,,,,,0,,,False,,,,False
SEC_8d973988b642,DMRGD,,2020-03-13,2026-07-29,PENDING,PENDING,,,,,,,,0,,,False,,,,False
SEC_8d9abb3115c7,GSDHO,,2020-03-13,2026-07-29,PENDING,PENDING,,,,,,,,0,,,False,,,,False
SEC_8ddb347861c6,PSGYO,,2020-03-13,2026-07-29,PENDING,PENDING,,,,,,,,0,,,False,,,,False
SEC_8e2e8555139a,EKIZ,,2020-03-13,2026-07-29,PENDING,PENDING,,,,,,,,0,,,False,,,,False
SEC_8e2eef2d9169,FRMPL,,2020-03-13,2026-07-29,PENDING,PENDING,,,,,,,,0,,,False,,,,False
SEC_8f4368740f30,KOCMT,,2020-03-13,2026-07-29,PENDING,PENDING,,,,,,,,0,,,False,,,,False
SEC_8f48d837d021,BESLR,,2020-03-13,2026-07-29,PENDING,PENDING,,,,,,,,0,,,False,,,,False
SEC_8fbe0589c7da,QUAGR,,2020-03-13,2026-07-29,PENDING,PENDING,,,,,,,,0,,,False,,,,False
SEC_9037f80f3f9e,SKBNK,,2020-03-13,2026-07-29,PENDING,PENDING,,,,,,,,0,,,False,,,,False
SEC_90e9104abc20,KRDMA,,2020-03-13,2026-07-29,PENDING,PENDING,,,,,,,,0,,,False,,,,False
SEC_91b302662a15,LKMNH,,2020-03-13,2026-07-29,PENDING,PENDING,,,,,,,,0,,,False,,,,False
SEC_91bf2c4037a8,AKGRT,,2020-03-13,2026-07-29,PENDING,PENDING,,,,,,,,0,,,False,,,,False
SEC_92646152ff64,TEKTU,,2020-03-13,2026-07-29,PENDING,PENDING,,,,,,,,0,,,False,,,,False
SEC_92b3c89c8856,INVEO,,2020-03-13,2026-07-29,PENDING,PENDING,,,,,,,,0,,,False,,,,False
SEC_92e14a9aaa73,AYES,,2020-03-13,2026-07-29,PENDING,PENDING,,,,,,,,0,,,False,,,,False
SEC_93542d4fa17a,CRFSA,,2020-03-13,2026-07-29,PENDING,PENDING,,,,,,,,0,,,False,,,,False
SEC_9526c3ca15be,INTEK,,2020-03-13,2026-07-29,PENDING,PENDING,,,,,,,,0,,,False,,,,False
SEC_954bfbb73793,DEVA,,2020-03-13,2026-07-29,PENDING,PENDING,,,,,,,,0,,,False,,,,False
SEC_95e5b4b172c0,MEKAG,,2020-03-13,2026-07-29,PENDING,PENDING,,,,,,,,0,,,False,,,,False
SEC_95eeb29f40b5,ARSAN,,2020-03-13,2026-07-29,PENDING,PENDING,,,,,,,,0,,,False,,,,False
SEC_95f13fa4d525,EUKYO,,2020-03-13,2026-07-29,PENDING,PENDING,,,,,,,,0,,,False,,,,False
SEC_9636c8605f05,TRHOL,,2020-03-13,2026-07-29,PENDING,PENDING,,,,,,,,0,,,False,,,,False
SEC_965305e06748,ATLAS,,2020-03-13,2026-07-29,PENDING,PENDING,,,,,,,,0,,,False,,,,False
SEC_966ac700e6bb,TNZTP,,2020-03-13,2026-07-29,PENDING,PENDING,,,,,,,,0,,,False,,,,False
SEC_96df91e1483a,ISATR,,2020-03-13,2026-07-29,PENDING,PENDING,,,,,,,,0,,,False,,,,False
SEC_970b3868ff03,AYEN,,2020-03-13,2026-07-29,PENDING,PENDING,,,,,,,,0,,,False,,,,False
SEC_9759d53e8a00,A1CAP,,2020-03-13,2026-07-29,PENDING,PENDING,,,,,,,,0,,,False,,,,False
SEC_977076be874f,SEGMN,,2020-03-13,2026-07-29,PENDING,PENDING,,,,,,,,0,,,False,,,,False
SEC_97da3882aa58,TUREX,,2020-03-13,2026-07-29,PENDING,PENDING,,,,,,,,0,,,False,,,,False
SEC_983f2919dc8a,EGEGY,,2020-03-13,2026-07-29,PENDING,PENDING,,,,,,,,0,,,False,,,,False
SEC_98b067b30d77,VESBE,,2020-03-13,2026-07-29,PENDING,PENDING,,,,,,,,0,,,False,,,,False
SEC_98f490525216,CWENE,,2020-03-13,2026-07-29,PENDING,PENDING,,,,,,,,0,,,False,,,,False
SEC_9934f0dd532c,KONTR,,2020-03-13,2026-07-29,PENDING,PENDING,,,,,,,,0,,,False,,,,False
SEC_994a4fa42b20,MPARK,,2020-03-13,2026-07-29,PENDING,PENDING,,,,,,,,0,,,False,,,,False
SEC_995ef6830a72,MERCN,,2020-03-13,2026-07-29,PENDING,PENDING,,,,,,,,0,,,False,,,,False
SEC_99fb785553c7,EKOS,,2020-03-13,2026-07-29,PENDING,PENDING,,,,,,,,0,,,False,,,,False
SEC_9a381e8b9e0d,DOHOL,,2020-03-13,2026-07-29,PENDING,PENDING,,,,,,,,0,,,False,,,,False
SEC_9a44b8e25b5b,CVKMD,,2020-03-13,2026-07-29,PENDING,PENDING,,,,,,,,0,,,False,,,,False
SEC_9a99878f0099,YEOTK,,2020-03-13,2026-07-29,PENDING,PENDING,,,,,,,,0,,,False,,,,False
SEC_9ae3a386560b,ISCTR,,2020-03-13,2026-07-29,PENDING,PENDING,,,,,,,,0,,,False,,,,False
SEC_9b0d89403655,YUNSA,,2020-03-13,2026-07-29,PENDING,PENDING,,,,,,,,0,,,False,,,,False
SEC_9b964d194d77,ECOGR,,2020-03-13,2026-07-29,PENDING,PENDING,,,,,,,,0,,,False,,,,False
SEC_9bca4484246e,KLSER,,2020-03-13,2026-07-29,PENDING,PENDING,,,,,,,,0,,,False,,,,False
SEC_9c6e891dd808,KGYO,,2020-03-13,2026-07-29,PENDING,PENDING,,,,,,,,0,,,False,,,,False
SEC_9d637f1987c7,VAKFA,,2020-03-13,2026-07-29,PENDING,PENDING,,,,,,,,0,,,False,,,,False
SEC_9e1655441181,GLYHO,,2020-03-13,2026-07-29,PENDING,PENDING,,,,,,,,0,,,False,,,,False
SEC_9e631c10c8d4,DURDO,,2020-03-13,2026-07-29,PENDING,PENDING,,,,,,,,0,,,False,,,,False
SEC_9e68ae5db63c,ENPRA,,2020-03-13,2026-07-29,PENDING,PENDING,,,,,,,,0,,,False,,,,False
SEC_9e761af68c04,CIMSA,,2020-03-13,2026-07-29,PENDING,PENDING,,,,,,,,0,,,False,,,,False
SEC_9e7a1bdbe0fb,PRZMA,,2020-03-13,2026-07-29,PENDING,PENDING,,,,,,,,0,,,False,,,,False
SEC_9f2bd2dffbf3,BRMEN,,2020-03-13,2026-07-29,PENDING,PENDING,,,,,,,,0,,,False,,,,False
SEC_9f5953770301,HKTM,,2020-03-13,2026-07-29,PENDING,PENDING,,,,,,,,0,,,False,,,,False
SEC_a089fd1996ff,AFYON,,2020-03-13,2026-07-29,PENDING,PENDING,,,,,,,,0,,,False,,,,False
SEC_a0bf94682b4a,BETAE,,2020-03-13,2026-07-29,PENDING,PENDING,,,,,,,,0,,,False,,,,False
SEC_a0fbc1eaa518,MZHLD,,2020-03-13,2026-07-29,PENDING,PENDING,,,,,,,,0,,,False,,,,False
SEC_a1ae639ca2f8,RNPOL,,2020-03-13,2026-07-29,PENDING,PENDING,,,,,,,,0,,,False,,,,False
SEC_a1c9c355852f,TTKOM,,2020-03-13,2026-07-29,PENDING,PENDING,,,,,,,,0,,,False,,,,False
SEC_a2830d236b43,ZRGYO,,2020-03-13,2026-07-29,PENDING,PENDING,,,,,,,,0,,,False,,,,False
SEC_a2d34c04d581,EPLAS,,2020-03-13,2026-07-29,PENDING,PENDING,,,,,,,,0,,,False,,,,False
SEC_a37242ff0246,BORLS,,2020-03-13,2026-07-29,PENDING,PENDING,,,,,,,,0,,,False,,,,False
SEC_a3e860ca18d8,HEDEF,,2020-03-13,2026-07-29,PENDING,PENDING,,,,,,,,0,,,False,,,,False
SEC_a4041c311945,SAFKR,,2020-03-13,2026-07-29,PENDING,PENDING,,,,,,,,0,,,False,,,,False
SEC_a41ed47bd425,ESEN,,2020-03-13,2026-07-29,PENDING,PENDING,,,,,,,,0,,,False,,,,False
SEC_a499ed1f1fee,TMPOL,,2020-03-13,2026-07-29,PENDING,PENDING,,,,,,,,0,,,False,,,,False
SEC_a548b69e159c,KUVVA,,2020-03-13,2026-07-29,PENDING,PENDING,,,,,,,,0,,,False,,,,False
SEC_a649b4ef2cfa,AVOD,,2020-03-13,2026-07-29,PENDING,PENDING,,,,,,,,0,,,False,,,,False
SEC_a663ea599af6,GATEG,,2020-03-13,2026-07-29,PENDING,PENDING,,,,,,,,0,,,False,,,,False
SEC_a6af9f2fc8c8,DGATE,,2020-03-13,2026-07-29,PENDING,PENDING,,,,,,,,0,,,False,,,,False
SEC_a709f511f0a6,VAKBN,,2020-03-13,2026-07-29,PENDING,PENDING,,,,,,,,0,,,False,,,,False
SEC_a753a5399747,EUREN,,2020-03-13,2026-07-29,PENDING,PENDING,,,,,,,,0,,,False,,,,False
SEC_a9297aa1aebc,SKTAS,,2020-03-13,2026-07-29,PENDING,PENDING,,,,,,,,0,,,False,,,,False
SEC_a9d2602e5e97,KRPLS,,2020-03-13,2026-07-29,PENDING,PENDING,,,,,,,,0,,,False,,,,False
SEC_aa4f1b363b7d,IHGZT,,2020-03-13,2026-07-29,PENDING,PENDING,,,,,,,,0,,,False,,,,False
SEC_ab06c0124db7,GENKM,,2020-03-13,2026-07-29,PENDING,PENDING,,,,,,,,0,,,False,,,,False
SEC_abaee63da5f9,CATES,,2020-03-13,2026-07-29,PENDING,PENDING,,,,,,,,0,,,False,,,,False
SEC_abc4ddf4d811,TEHOL,,2020-03-13,2026-07-29,PENDING,PENDING,,,,,,,,0,,,False,,,,False
SEC_abd53b1f0b7a,KENT,,2020-03-13,2026-07-29,PENDING,PENDING,,,,,,,,0,,,False,,,,False
SEC_ac0d8503f91d,KIMMR,,2020-03-13,2026-07-29,PENDING,PENDING,,,,,,,,0,,,False,,,,False
SEC_ac18ee5ff775,ISSEN,,2020-03-13,2026-07-29,PENDING,PENDING,,,,,,,,0,,,False,,,,False
SEC_ac1d209d12e6,HOROZ,,2020-03-13,2026-07-29,PENDING,PENDING,,,,,,,,0,,,False,,,,False
SEC_ac48c711d1de,KRTEK,,2020-03-13,2026-07-29,PENDING,PENDING,,,,,,,,0,,,False,,,,False
SEC_ac91931abb13,PKART,,2020-03-13,2026-07-29,PENDING,PENDING,,,,,,,,0,,,False,,,,False
SEC_ad4e666e633b,BINBN,,2020-03-13,2026-07-29,PENDING,PENDING,,,,,,,,0,,,False,,,,False
SEC_ad7affdc7df3,ESCOM,,2020-03-13,2026-07-29,PENDING,PENDING,,,,,,,,0,,,False,,,,False
SEC_ad8ec60ffc97,MOBTL,,2020-03-13,2026-07-29,PENDING,PENDING,,,,,,,,0,,,False,,,,False
SEC_adec0cb816d3,UNLU,,2020-03-13,2026-07-29,PENDING,PENDING,,,,,,,,0,,,False,,,,False
SEC_ae1fa2fb49c6,DOKTA,,2020-03-13,2026-07-29,PENDING,PENDING,,,,,,,,0,,,False,,,,False
SEC_ae30447eec9d,ATAGY,,2020-03-13,2026-07-29,PENDING,PENDING,,,,,,,,0,,,False,,,,False
SEC_ae8023d23aa9,PARSN,,2020-03-13,2026-07-29,PENDING,PENDING,,,,,,,,0,,,False,,,,False
SEC_af6d88194a1d,SAYAS,,2020-03-13,2026-07-29,PENDING,PENDING,,,,,,,,0,,,False,,,,False
SEC_af818e0fa46e,BAHKM,,2020-03-13,2026-07-29,PENDING,PENDING,,,,,,,,0,,,False,,,,False
SEC_af8444e86232,DNISI,,2020-03-13,2026-07-29,PENDING,PENDING,,,,,,,,0,,,False,,,,False
SEC_affebda53dce,ISDMR,,2020-03-13,2026-07-29,PENDING,PENDING,,,,,,,,0,,,False,,,,False
SEC_b160f4cda307,KRSTL,,2020-03-13,2026-07-29,PENDING,PENDING,,,,,,,,0,,,False,,,,False
SEC_b1fabd3c95c9,ISFIN,,2020-03-13,2026-07-29,PENDING,PENDING,,,,,,,,0,,,False,,,,False
SEC_b1fd8d1ddf7a,ECZYT,,2020-03-13,2026-07-29,PENDING,PENDING,,,,,,,,0,,,False,,,,False
SEC_b1fec42fc59c,AAGYO,,2020-03-13,2026-07-29,PENDING,PENDING,,,,,,,,0,,,False,,,,False
SEC_b27885ab3815,GOLTS,,2020-03-13,2026-07-29,PENDING,PENDING,,,,,,,,0,,,False,,,,False
SEC_b27b5e40362b,BEYAZ,,2020-03-13,2026-07-29,PENDING,PENDING,,,,,,,,0,,,False,,,,False
SEC_b2e7c5ee9bf1,OBAMS,,2020-03-13,2026-07-29,PENDING,PENDING,,,,,,,,0,,,False,,,,False
SEC_b2f57671ba00,PRKAB,,2020-03-13,2026-07-29,PENDING,PENDING,,,,,,,,0,,,False,,,,False
SEC_b31fa2c2cc92,VRGYO,,2020-03-13,2026-07-29,PENDING,PENDING,,,,,,,,0,,,False,,,,False
SEC_b3778e3b20af,FORTE,,2020-03-13,2026-07-29,PENDING,PENDING,,,,,,,,0,,,False,,,,False
SEC_b39a7168e3d5,POLTK,,2020-03-13,2026-07-29,PENDING,PENDING,,,,,,,,0,,,False,,,,False
SEC_b4e69db5a2b7,BIOEN,,2020-03-13,2026-07-29,PENDING,PENDING,,,,,,,,0,,,False,,,,False
SEC_b59a82c2e2e4,GSDDE,,2020-03-13,2026-07-29,PENDING,PENDING,,,,,,,,0,,,False,,,,False
SEC_b5d2fbdc2071,SOKE,,2020-03-13,2026-07-29,PENDING,PENDING,,,,,,,,0,,,False,,,,False
SEC_b65dac6e20ff,AHSGY,,2020-03-13,2026-07-29,PENDING,PENDING,,,,,,,,0,,,False,,,,False
SEC_b6d440d65d60,METEN,,2020-03-13,2026-07-29,PENDING,PENDING,,,,,,,,0,,,False,,,,False
SEC_b7016a47d8fe,BALAT,,2020-03-13,2026-07-29,PENDING,PENDING,,,,,,,,0,,,False,,,,False
SEC_b71b44f42ab5,IMASM,,2020-03-13,2026-07-29,PENDING,PENDING,,,,,,,,0,,,False,,,,False
SEC_b75a5843a263,OYLUM,,2020-03-13,2026-07-29,PENDING,PENDING,,,,,,,,0,,,False,,,,False
SEC_b7fac6a301f1,TBORG,,2020-03-13,2026-07-29,PENDING,PENDING,,,,,,,,0,,,False,,,,False
SEC_b9f2fb8cf955,PAMEL,,2020-03-13,2026-07-29,PENDING,PENDING,,,,,,,,0,,,False,,,,False
SEC_b9fa466828c0,FZLGY,,2020-03-13,2026-07-29,PENDING,PENDING,,,,,,,,0,,,False,,,,False
SEC_bbd63ea5ec6c,IHLGM,,2020-03-13,2026-07-29,PENDING,PENDING,,,,,,,,0,,,False,,,,False
SEC_bc2acfaed205,BORSK,,2020-03-13,2026-07-29,PENDING,PENDING,,,,,,,,0,,,False,,,,False
SEC_bc7e4e409e1e,EGEEN,,2020-03-13,2026-07-29,PENDING,PENDING,,,,,,,,0,,,False,,,,False
SEC_bd53cbaeac77,NUHCM,,2020-03-13,2026-07-29,PENDING,PENDING,,,,,,,,0,,,False,,,,False
SEC_bd85e86554dc,ALKA,,2020-03-13,2026-07-29,PENDING,PENDING,,,,,,,,0,,,False,,,,False
SEC_bdb2aff3885c,DESA,,2020-03-13,2026-07-29,PENDING,PENDING,,,,,,,,0,,,False,,,,False
SEC_bdff1ca4becf,GSRAY,,2020-03-13,2026-07-29,PENDING,PENDING,,,,,,,,0,,,False,,,,False
SEC_be9ab6d4ea42,SANEL,,2020-03-13,2026-07-29,PENDING,PENDING,,,,,,,,0,,,False,,,,False
SEC_bf5c053c6dad,DOFRB,,2020-03-13,2026-07-29,PENDING,PENDING,,,,,,,,0,,,False,,,,False
SEC_bf789538f660,DOCO,,2020-03-13,2026-07-29,PENDING,PENDING,,,,,,,,0,,,False,,,,False
SEC_bfd0cab2933a,DOGUB,,2020-03-13,2026-07-29,PENDING,PENDING,,,,,,,,0,,,False,,,,False
SEC_c04437013f1a,ISMEN,,2020-03-13,2026-07-29,PENDING,PENDING,,,,,,,,0,,,False,,,,False
SEC_c07109106e1e,TUCLK,,2020-03-13,2026-07-29,PENDING,PENDING,,,,,,,,0,,,False,,,,False
SEC_c094fdf9811c,BANVT,,2020-03-13,2026-07-29,PENDING,PENDING,,,,,,,,0,,,False,,,,False
SEC_c0b382a6a906,GRTHO,,2020-03-13,2026-07-29,PENDING,PENDING,,,,,,,,0,,,False,,,,False
SEC_c0ed66db7c09,REEDR,,2020-03-13,2026-07-29,PENDING,PENDING,,,,,,,,0,,,False,,,,False
SEC_c15b0cda40fa,SISE,,2020-03-13,2026-07-29,PENDING,PENDING,,,,,,,,0,,,False,,,,False
SEC_c160cde5cf0f,HEKTS,,2020-03-13,2026-07-29,PENDING,PENDING,,,,,,,,0,,,False,,,,False
SEC_c1924e11e332,MOGAN,,2020-03-13,2026-07-29,PENDING,PENDING,,,,,,,,0,,,False,,,,False
SEC_c1c039cdcf4d,EGGUB,,2020-03-13,2026-07-29,PENDING,PENDING,,,,,,,,0,,,False,,,,False
SEC_c2f581393e4b,ISBTR,,2020-03-13,2026-07-29,PENDING,PENDING,,,,,,,,0,,,False,,,,False
SEC_c346c9a9abd2,ANSGR,,2020-03-13,2026-07-29,PENDING,PENDING,,,,,,,,0,,,False,,,,False
SEC_c38e7c8097a1,MAKTK,,2020-03-13,2026-07-29,PENDING,PENDING,,,,,,,,0,,,False,,,,False
SEC_c4528dced1ef,NTGAZ,,2020-03-13,2026-07-29,PENDING,PENDING,,,,,,,,0,,,False,,,,False
SEC_c4e087222f01,KRONT,,2020-03-13,2026-07-29,PENDING,PENDING,,,,,,,,0,,,False,,,,False
SEC_c5466df78eff,AYDEM,,2020-03-13,2026-07-29,PENDING,PENDING,,,,,,,,0,,,False,,,,False
SEC_c54baef9063a,OFSYM,,2020-03-13,2026-07-29,PENDING,PENDING,,,,,,,,0,,,False,,,,False
SEC_c5ea6781d821,MEPET,,2020-03-13,2026-07-29,PENDING,PENDING,,,,,,,,0,,,False,,,,False
SEC_c72803403455,BUCIM,,2020-03-13,2026-07-29,PENDING,PENDING,,,,,,,,0,,,False,,,,False
SEC_c84877b00ce6,ARENA,,2020-03-13,2026-07-29,PENDING,PENDING,,,,,,,,0,,,False,,,,False
SEC_c891611db6d8,BRSAN,,2020-03-13,2026-07-29,PENDING,PENDING,,,,,,,,0,,,False,,,,False
SEC_c8c83b0a4313,BINHO,,2020-03-13,2026-07-29,PENDING,PENDING,,,,,,,,0,,,False,,,,False
SEC_c9919c2889b5,HTTBT,,2020-03-13,2026-07-29,PENDING,PENDING,,,,,,,,0,,,False,,,,False
SEC_ca17519e6a44,SKYMD,,2020-03-13,2026-07-29,PENDING,PENDING,,,,,,,,0,,,False,,,,False
SEC_ca57c4fae7e6,GEDZA,,2020-03-13,2026-07-29,PENDING,PENDING,,,,,,,,0,,,False,,,,False
SEC_ca62a45e1887,ALVES,,2020-03-13,2026-07-29,PENDING,PENDING,,,,,,,,0,,,False,,,,False
SEC_cbcf7cecf2a1,NATEN,,2020-03-13,2026-07-29,PENDING,PENDING,,,,,,,,0,,,False,,,,False
SEC_cc22ca217622,CEMAS,,2020-03-13,2026-07-29,PENDING,PENDING,,,,,,,,0,,,False,,,,False
SEC_cc2eab23bf2e,IHEVA,,2020-03-13,2026-07-29,PENDING,PENDING,,,,,,,,0,,,False,,,,False
SEC_cc40051154df,KRVGD,,2020-03-13,2026-07-29,PENDING,PENDING,,,,,,,,0,,,False,,,,False
SEC_cd5a2ede3c93,OYYAT,,2020-03-13,2026-07-29,PENDING,PENDING,,,,,,,,0,,,False,,,,False
SEC_cdeccd4982b1,KRDMD,,2020-03-13,2026-07-29,PENDING,PENDING,,,,,,,,0,,,False,,,,False
SEC_ce700f7367e4,ALARK,,2020-03-13,2026-07-29,PENDING,PENDING,,,,,,,,0,,,False,,,,False
SEC_ceb64dbb616f,ZGYO,,2020-03-13,2026-07-29,PENDING,PENDING,,,,,,,,0,,,False,,,,False
SEC_cf071f8a043e,LXGYO,,2020-03-13,2026-07-29,PENDING,PENDING,,,,,,,,0,,,False,,,,False
SEC_cf5e8e1a1950,ARZUM,,2020-03-13,2026-07-29,PENDING,PENDING,,,,,,,,0,,,False,,,,False
SEC_cfc1603b333f,SUWEN,,2020-03-13,2026-07-29,PENDING,PENDING,,,,,,,,0,,,False,,,,False
SEC_cfdd81b1471c,CMBTN,,2020-03-13,2026-07-29,PENDING,PENDING,,,,,,,,0,,,False,,,,False
SEC_d03da41ef85d,IEYHO,,2020-03-13,2026-07-29,PENDING,PENDING,,,,,,,,0,,,False,,,,False
SEC_d0880be74689,ECILC,,2020-03-13,2026-07-29,PENDING,PENDING,,,,,,,,0,,,False,,,,False
SEC_d0ad7f9ec4a0,SELEC,,2020-03-13,2026-07-29,PENDING,PENDING,,,,,,,,0,,,False,,,,False
SEC_d145f1348bc2,EFOR,,2020-03-13,2026-07-29,PENDING,PENDING,,,,,,,,0,,,False,,,,False
SEC_d1d828db6caf,TKFEN,,2020-03-13,2026-07-29,PENDING,PENDING,,,,,,,,0,,,False,,,,False
SEC_d2de5344cb04,ULKER,,2020-03-13,2026-07-29,PENDING,PENDING,,,,,,,,0,,,False,,,,False
SEC_d30c9bcf43b6,KZBGY,,2020-03-13,2026-07-29,PENDING,PENDING,,,,,,,,0,,,False,,,,False
SEC_d3653698ed3a,GLCVY,,2020-03-13,2026-07-29,PENDING,PENDING,,,,,,,,0,,,False,,,,False
SEC_d3a3d6cbf46f,VKFYO,,2020-03-13,2026-07-29,PENDING,PENDING,,,,,,,,0,,,False,,,,False
SEC_d3c36b9d5e93,LOGO,,2020-03-13,2026-07-29,PENDING,PENDING,,,,,,,,0,,,False,,,,False
SEC_d40e4a7293c1,ENKAI,,2020-03-13,2026-07-29,PENDING,PENDING,,,,,,,,0,,,False,,,,False
SEC_d416e2e05af7,ERSU,,2020-03-13,2026-07-29,PENDING,PENDING,,,,,,,,0,,,False,,,,False
SEC_d439f6642e7a,GRNYO,,2020-03-13,2026-07-29,PENDING,PENDING,,,,,,,,0,,,False,,,,False
SEC_d4a012a88d1c,ISKPL,,2020-03-13,2026-07-29,PENDING,PENDING,,,,,,,,0,,,False,,,,False
SEC_d4c7eeb9c4fb,TTRAK,,2020-03-13,2026-07-29,PENDING,PENDING,,,,,,,,0,,,False,,,,False
SEC_d4ce0399a809,ASTOR,,2020-03-13,2026-07-29,PENDING,PENDING,,,,,,,,0,,,False,,,,False
SEC_d5107b7fdf98,SARAE,,2020-03-13,2026-07-29,PENDING,PENDING,,,,,,,,0,,,False,,,,False
SEC_d5b4bc47a31f,USAK,,2020-03-13,2026-07-29,PENDING,PENDING,,,,,,,,0,,,False,,,,False
SEC_d5ca15ea74d4,RAYSG,,2020-03-13,2026-07-29,PENDING,PENDING,,,,,,,,0,,,False,,,,False
SEC_d673526a1c51,LRSHO,,2020-03-13,2026-07-29,PENDING,PENDING,,,,,,,,0,,,False,,,,False
SEC_d72349238272,ISBIR,,2020-03-13,2026-07-29,PENDING,PENDING,,,,,,,,0,,,False,,,,False
SEC_d734f59791f9,BYDNR,,2020-03-13,2026-07-29,PENDING,PENDING,,,,,,,,0,,,False,,,,False
SEC_d761fab0f626,NETCD,,2020-03-13,2026-07-29,PENDING,PENDING,,,,,,,,0,,,False,,,,False
SEC_d7b1b9b897dc,EBEBK,,2020-03-13,2026-07-29,PENDING,PENDING,,,,,,,,0,,,False,,,,False
SEC_d7e9ac524c56,MTRKS,,2020-03-13,2026-07-29,PENDING,PENDING,,,,,,,,0,,,False,,,,False
SEC_d845ad88309b,SONME,,2020-03-13,2026-07-29,PENDING,PENDING,,,,,,,,0,,,False,,,,False
SEC_d8652703f834,ERCB,,2020-03-13,2026-07-29,PENDING,PENDING,,,,,,,,0,,,False,,,,False
SEC_d8829b90a985,NETAS,,2020-03-13,2026-07-29,PENDING,PENDING,,,,,,,,0,,,False,,,,False
SEC_d88b1d54a5e3,FRIGO,,2020-03-13,2026-07-29,PENDING,PENDING,,,,,,,,0,,,False,,,,False
SEC_d9178ee6f5ba,KERVN,,2020-03-13,2026-07-29,PENDING,PENDING,,,,,,,,0,,,False,,,,False
SEC_d9e4dd4a6168,PKENT,,2020-03-13,2026-07-29,PENDING,PENDING,,,,,,,,0,,,False,,,,False
SEC_da226f4268ba,LUKSK,,2020-03-13,2026-07-29,PENDING,PENDING,,,,,,,,0,,,False,,,,False
SEC_da547dcd25bd,DAGI,,2020-03-13,2026-07-29,PENDING,PENDING,,,,,,,,0,,,False,,,,False
SEC_dacbda2b1676,KZGYO,,2020-03-13,2026-07-29,PENDING,PENDING,,,,,,,,0,,,False,,,,False
SEC_db6a7f31f770,HUNER,,2020-03-13,2026-07-29,PENDING,PENDING,,,,,,,,0,,,False,,,,False
SEC_db753ba51ce6,SANKO,,2020-03-13,2026-07-29,PENDING,PENDING,,,,,,,,0,,,False,,,,False
SEC_db8368f68ac4,IHAAS,,2020-03-13,2026-07-29,PENDING,PENDING,,,,,,,,0,,,False,,,,False
SEC_dbccc8c0253c,SSAAT,,2020-03-13,2026-07-29,PENDING,PENDING,,,,,,,,0,,,False,,,,False
SEC_dc71a6230684,PGSUS,,2020-03-13,2026-07-29,PENDING,PENDING,,,,,,,,0,,,False,,,,False
SEC_dc761317f440,ATATR,,2020-03-13,2026-07-29,PENDING,PENDING,,,,,,,,0,,,False,,,,False
SEC_dcaf04d8792d,MEGAP,,2020-03-13,2026-07-29,PENDING,PENDING,,,,,,,,0,,,False,,,,False
SEC_dd14aa053a4d,QNBFK,,2020-03-13,2026-07-29,PENDING,PENDING,,,,,,,,0,,,False,,,,False
SEC_dd2d32d5656a,SILVR,,2020-03-13,2026-07-29,PENDING,PENDING,,,,,,,,0,,,False,,,,False
SEC_dd37fac4e9eb,ZERGY,,2020-03-13,2026-07-29,PENDING,PENDING,,,,,,,,0,,,False,,,,False
SEC_dd73cc14580f,MARKA,,2020-03-13,2026-07-29,PENDING,PENDING,,,,,,,,0,,,False,,,,False
SEC_dddb1c537d8c,YYLGD,,2020-03-13,2026-07-29,PENDING,PENDING,,,,,,,,0,,,False,,,,False
SEC_de13e49c48ff,AVHOL,,2020-03-13,2026-07-29,PENDING,PENDING,,,,,,,,0,,,False,,,,False
SEC_de92422167b9,DCTTR,,2020-03-13,2026-07-29,PENDING,PENDING,,,,,,,,0,,,False,,,,False
SEC_df215ba5cb04,BESTE,,2020-03-13,2026-07-29,PENDING,PENDING,,,,,,,,0,,,False,,,,False
SEC_df2ab3de9eac,MSGYO,,2020-03-13,2026-07-29,PENDING,PENDING,,,,,,,,0,,,False,,,,False
SEC_df4ff4b2062c,SUNTK,,2020-03-13,2026-07-29,PENDING,PENDING,,,,,,,,0,,,False,,,,False
SEC_df6ca5af4ed5,YAPRK,,2020-03-13,2026-07-29,PENDING,PENDING,,,,,,,,0,,,False,,,,False
SEC_df8328d5e848,LIDER,,2020-03-13,2026-07-29,PENDING,PENDING,,,,,,,,0,,,False,,,,False
SEC_e070c5630b8c,BURCE,,2020-03-13,2026-07-29,PENDING,PENDING,,,,,,,,0,,,False,,,,False
SEC_e0911252acc1,SMART,,2020-03-13,2026-07-29,PENDING,PENDING,,,,,,,,0,,,False,,,,False
SEC_e0bcf7a13c2a,DERHL,,2020-03-13,2026-07-29,PENDING,PENDING,,,,,,,,0,,,False,,,,False
SEC_e0cf6092c24b,GLRYH,,2020-03-13,2026-07-29,PENDING,PENDING,,,,,,,,0,,,False,,,,False
SEC_e12efde01764,OZATD,,2020-03-13,2026-07-29,PENDING,PENDING,,,,,,,,0,,,False,,,,False
SEC_e1812e6d9708,IZFAS,,2020-03-13,2026-07-29,PENDING,PENDING,,,,,,,,0,,,False,,,,False
SEC_e291110e7349,BAKAB,,2020-03-13,2026-07-29,PENDING,PENDING,,,,,,,,0,,,False,,,,False
SEC_e2920c6c95d1,MRSHL,,2020-03-13,2026-07-29,PENDING,PENDING,,,,,,,,0,,,False,,,,False
SEC_e2d3623aab1e,MAALT,,2020-03-13,2026-07-29,PENDING,PENDING,,,,,,,,0,,,False,,,,False
SEC_e2d7462b71d8,KONKA,,2020-03-13,2026-07-29,PENDING,PENDING,,,,,,,,0,,,False,,,,False
SEC_e3386777a5b6,BRKVY,,2020-03-13,2026-07-29,PENDING,PENDING,,,,,,,,0,,,False,,,,False
SEC_e37e506987c7,ESCAR,,2020-03-13,2026-07-29,PENDING,PENDING,,,,,,,,0,,,False,,,,False
SEC_e3af50f94532,PSDTC,,2020-03-13,2026-07-29,PENDING,PENDING,,,,,,,,0,,,False,,,,False
SEC_e3c913a2dc46,MRGYO,,2020-03-13,2026-07-29,PENDING,PENDING,,,,,,,,0,,,False,,,,False
SEC_e46b971f18ef,SNICA,,2020-03-13,2026-07-29,PENDING,PENDING,,,,,,,,0,,,False,,,,False
SEC_e4712ed8f5e0,OSTIM,,2020-03-13,2026-07-29,PENDING,PENDING,,,,,,,,0,,,False,,,,False
SEC_e4907263d589,VESTL,,2020-03-13,2026-07-29,PENDING,PENDING,,,,,,,,0,,,False,,,,False
SEC_e4c5f0b15c89,IHYAY,,2020-03-13,2026-07-29,PENDING,PENDING,,,,,,,,0,,,False,,,,False
SEC_e5a5c59486fe,AKSA,,2020-03-13,2026-07-29,PENDING,PENDING,,,,,,,,0,,,False,,,,False
SEC_e601f78f5bac,MEGMT,,2020-03-13,2026-07-29,PENDING,PENDING,,,,,,,,0,,,False,,,,False
SEC_e62afe6b9cfd,NUGYO,,2020-03-13,2026-07-29,PENDING,PENDING,,,,,,,,0,,,False,,,,False
SEC_e6762b24ca1c,BIGTK,,2020-03-13,2026-07-29,PENDING,PENDING,,,,,,,,0,,,False,,,,False
SEC_e67a4f461a08,BJKAS,,2020-03-13,2026-07-29,PENDING,PENDING,,,,,,,,0,,,False,,,,False
SEC_e67b4c869803,ATAKP,,2020-03-13,2026-07-29,PENDING,PENDING,,,,,,,,0,,,False,,,,False
SEC_e6943e881969,TCKRC,,2020-03-13,2026-07-29,PENDING,PENDING,,,,,,,,0,,,False,,,,False
SEC_e6d6c3d7a549,FENER,,2020-03-13,2026-07-29,PENDING,PENDING,,,,,,,,0,,,False,,,,False
SEC_e6e6a84f0b1d,DIRIT,,2020-03-13,2026-07-29,PENDING,PENDING,,,,,,,,0,,,False,,,,False
SEC_e70c5fd7131e,KLKIM,,2020-03-13,2026-07-29,PENDING,PENDING,,,,,,,,0,,,False,,,,False
SEC_e71d97bb7d86,ANGEN,,2020-03-13,2026-07-29,PENDING,PENDING,,,,,,,,0,,,False,,,,False
SEC_e74d853495f2,MACKO,,2020-03-13,2026-07-29,PENDING,PENDING,,,,,,,,0,,,False,,,,False
SEC_e79277f1d564,MARTI,,2020-03-13,2026-07-29,PENDING,PENDING,,,,,,,,0,,,False,,,,False
SEC_e800e369c854,DENGE,,2020-03-13,2026-07-29,PENDING,PENDING,,,,,,,,0,,,False,,,,False
SEC_e870714908f0,FROTO,,2020-03-13,2026-07-29,PENDING,PENDING,,,,,,,,0,,,False,,,,False
SEC_e8b0f4236c93,KAPLM,,2020-03-13,2026-07-29,PENDING,PENDING,,,,,,,,0,,,False,,,,False
SEC_e99754a08737,IHLAS,,2020-03-13,2026-07-29,PENDING,PENDING,,,,,,,,0,,,False,,,,False
SEC_e9a9b76b681f,GESAN,,2020-03-13,2026-07-29,PENDING,PENDING,,,,,,,,0,,,False,,,,False
SEC_e9f77e2f15ff,CEMZY,,2020-03-13,2026-07-29,PENDING,PENDING,,,,,,,,0,,,False,,,,False
SEC_ea33a1a12aba,PLTUR,,2020-03-13,2026-07-29,PENDING,PENDING,,,,,,,,0,,,False,,,,False
SEC_eaeae2e1ae2d,RYSAS,,2020-03-13,2026-07-29,PENDING,PENDING,,,,,,,,0,,,False,,,,False
SEC_eb7820adc817,BIMAS,,2020-03-13,2026-07-29,PENDING,PENDING,,,,,,,,0,,,False,,,,False
SEC_eb9d666e2ede,KLNMA,,2020-03-13,2026-07-29,PENDING,PENDING,,,,,,,,0,,,False,,,,False
SEC_ec707280bec2,GEREL,,2020-03-13,2026-07-29,PENDING,PENDING,,,,,,,,0,,,False,,,,False
SEC_ecb8038467ca,TRCAS,,2020-03-13,2026-07-29,PENDING,PENDING,,,,,,,,0,,,False,,,,False
SEC_ece7b8cd965b,LINK,,2020-03-13,2026-07-29,PENDING,PENDING,,,,,,,,0,,,False,,,,False
SEC_ed2a5dcf8cf6,AVGYO,,2020-03-13,2026-07-29,PENDING,PENDING,,,,,,,,0,,,False,,,,False
SEC_eda5198ecb05,GOZDE,,2020-03-13,2026-07-29,PENDING,PENDING,,,,,,,,0,,,False,,,,False
SEC_ee1d7bc1f60a,AGYO,,2020-03-13,2026-07-29,PENDING,PENDING,,,,,,,,0,,,False,,,,False
SEC_ee66dfbece82,KNFRT,,2020-03-13,2026-07-29,PENDING,PENDING,,,,,,,,0,,,False,,,,False
SEC_ee94df734aa8,AKMGY,,2020-03-13,2026-07-29,PENDING,PENDING,,,,,,,,0,,,False,,,,False
SEC_ef4425968963,TATGD,,2020-03-13,2026-07-29,PENDING,PENDING,,,,,,,,0,,,False,,,,False
SEC_efe25fab9175,BASCM,,2020-03-13,2026-07-29,PENDING,PENDING,,,,,,,,0,,,False,,,,False
SEC_f00dc33fba9c,UCAYM,,2020-03-13,2026-07-29,PENDING,PENDING,,,,,,,,0,,,False,,,,False
SEC_f06cb2b68a3f,BIGEN,,2020-03-13,2026-07-29,PENDING,PENDING,,,,,,,,0,,,False,,,,False
SEC_f123abe79edb,ISGYO,,2020-03-13,2026-07-29,PENDING,PENDING,,,,,,,,0,,,False,,,,False
SEC_f1c4c57bffc6,DOAS,,2020-03-13,2026-07-29,PENDING,PENDING,,,,,,,,0,,,False,,,,False
SEC_f1fa69cd0dca,EKGYO,,2020-03-13,2026-07-29,PENDING,PENDING,,,,,,,,0,,,False,,,,False
SEC_f2b5ef2e6940,HRKET,,2020-03-13,2026-07-29,PENDING,PENDING,,,,,,,,0,,,False,,,,False
SEC_f3a84c6b62b5,KFEIN,,2020-03-13,2026-07-29,PENDING,PENDING,,,,,,,,0,,,False,,,,False
SEC_f46bab7a8fa0,AYCES,,2020-03-13,2026-07-29,PENDING,PENDING,,,,,,,,0,,,False,,,,False
SEC_f4b2f5d881d7,EGSER,,2020-03-13,2026-07-29,PENDING,PENDING,,,,,,,,0,,,False,,,,False
SEC_f5169b532994,BOBET,,2020-03-13,2026-07-29,PENDING,PENDING,,,,,,,,0,,,False,,,,False
SEC_f51df401bcec,AKSGY,,2020-03-13,2026-07-29,PENDING,PENDING,,,,,,,,0,,,False,,,,False
SEC_f54a7c7dd982,PRKME,,2020-03-13,2026-07-29,PENDING,PENDING,,,,,,,,0,,,False,,,,False
SEC_f5a07d776d1b,DZGYO,,2020-03-13,2026-07-29,PENDING,PENDING,,,,,,,,0,,,False,,,,False
SEC_f60d5adf6e21,ARASE,,2020-03-13,2026-07-29,PENDING,PENDING,,,,,,,,0,,,False,,,,False
SEC_f69ec91e1184,TERA,,2020-03-13,2026-07-29,PENDING,PENDING,,,,,,,,0,,,False,,,,False
SEC_f6ff9d62ea51,TKNSA,,2020-03-13,2026-07-29,PENDING,PENDING,,,,,,,,0,,,False,,,,False
SEC_f7a65804c832,RODRG,,2020-03-13,2026-07-29,PENDING,PENDING,,,,,,,,0,,,False,,,,False
SEC_f8006ae5caa8,AGROT,,2020-03-13,2026-07-29,PENDING,PENDING,,,,,,,,0,,,False,,,,False
SEC_f86c1b03be87,CMENT,,2020-03-13,2026-07-29,PENDING,PENDING,,,,,,,,0,,,False,,,,False
SEC_f879cc5850ff,LILAK,,2020-03-13,2026-07-29,PENDING,PENDING,,,,,,,,0,,,False,,,,False
SEC_f896684301ec,SEGYO,,2020-03-13,2026-07-29,PENDING,PENDING,,,,,,,,0,,,False,,,,False
SEC_f8abfc4920a2,DURKN,,2020-03-13,2026-07-29,PENDING,PENDING,,,,,,,,0,,,False,,,,False
SEC_f936bb22df1d,KLGYO,,2020-03-13,2026-07-29,PENDING,PENDING,,,,,,,,0,,,False,,,,False
SEC_f958c7300c98,METRO,,2020-03-13,2026-07-29,PENDING,PENDING,,,,,,,,0,,,False,,,,False
SEC_f9ae7dda6b54,PAHOL,,2020-03-13,2026-07-29,PENDING,PENDING,,,,,,,,0,,,False,,,,False
SEC_f9b88b8c198c,BMSCH,,2020-03-13,2026-07-29,PENDING,PENDING,,,,,,,,0,,,False,,,,False
SEC_fa0982616141,TRALT,,2020-03-13,2026-07-29,PENDING,PENDING,,,,,,,,0,,,False,,,,False
SEC_fac5c636c98e,ARTMS,,2020-03-13,2026-07-29,PENDING,PENDING,,,,,,,,0,,,False,,,,False
SEC_fb7ab6b2d4ad,MERIT,,2020-03-13,2026-07-29,PENDING,PENDING,,,,,,,,0,,,False,,,,False
SEC_fbc527cf7359,KLYPV,,2020-03-13,2026-07-29,PENDING,PENDING,,,,,,,,0,,,False,,,,False
SEC_fbe7a990badb,AKSEN,,2020-03-13,2026-07-29,PENDING,PENDING,,,,,,,,0,,,False,,,,False
SEC_fc147934d611,EUYO,,2020-03-13,2026-07-29,PENDING,PENDING,,,,,,,,0,,,False,,,,False
SEC_fd5661113f0f,MARBL,,2020-03-13,2026-07-29,PENDING,PENDING,,,,,,,,0,,,False,,,,False
SEC_fe0355eba3b3,TRMET,,2020-03-13,2026-07-29,PENDING,PENDING,,,,,,,,0,,,False,,,,False
SEC_fe5ae2ac3db2,SERNT,,2020-03-13,2026-07-29,PENDING,PENDING,,,,,,,,0,,,False,,,,False
SEC_ff065cb274f4,GEDIK,,2020-03-13,2026-07-29,PENDING,PENDING,,,,,,,,0,,,False,,,,False
SEC_ff24fd07e3cd,ORGE,,2020-03-13,2026-07-29,PENDING,PENDING,,,,,,,,0,,,False,,,,False
