period,period_start,period_end,ticker,expected_isyatirim_days,yfinance_matching_days,yfinance_date_match_rate,missing_open_count,missing_open_rate,isyatirim_tl_volume_missing_count,isyatirim_tl_volume_zero_count,yfinance_share_volume_missing_count,yfinance_share_volume_zero_count,both_volumes_zero_count,both_volumes_missing_count,open_present_both_volumes_missing_count,one_volume_missing_count,one_volume_zero_other_positive_count,ohlc_evaluable_count,ohlc_inconsistency_count,hybrid_ohlc_validity_rate,provider_open_evaluable_count,provider_open_inconsistency_count,provider_open_validity_rate,nominal_open_evaluable_count,nominal_open_inconsistency_count,nominal_open_validity_rate,open_validity_rate_change,source_price_conflict_count,nominal_source_price_conflict_count,adjustment_factor_change_count,yfinance_dividend_event_count,yfinance_split_event_count,both_sources_action_signal_count,isyatirim_only_action_signal_count,yfinance_only_action_signal_count,high_absolute_difference_median,high_absolute_difference_p95,high_absolute_difference_max,nominal_high_absolute_difference_median,nominal_high_absolute_difference_p95,nominal_high_absolute_difference_max,high_percentage_difference_median,high_percentage_difference_p95,high_percentage_difference_max,nominal_high_percentage_difference_median,nominal_high_percentage_difference_p95,nominal_high_percentage_difference_max,low_absolute_difference_median,low_absolute_difference_p95,low_absolute_difference_max,nominal_low_absolute_difference_median,nominal_low_absolute_difference_p95,nominal_low_absolute_difference_max,low_percentage_difference_median,low_percentage_difference_p95,low_percentage_difference_max,nominal_low_percentage_difference_median,nominal_low_percentage_difference_p95,nominal_low_percentage_difference_max,close_absolute_difference_median,close_absolute_difference_p95,close_absolute_difference_max,nominal_close_absolute_difference_median,nominal_close_absolute_difference_p95,nominal_close_absolute_difference_max,close_percentage_difference_median,close_percentage_difference_p95,close_percentage_difference_max,nominal_close_percentage_difference_median,nominal_close_percentage_difference_p95,nominal_close_percentage_difference_max
start_boundary,2020-03-13,2020-04-15,THYAO,24,24,1.0,0,0.0,0,0,0,0,0,0,0,0,0,24,2,0.9166666666666666,24,2,0.9166666666666666,24,2,0.9166666666666666,0.0,24,24,0,0,0,0,0,0,2.6702880795426154e-07,4.5204162626433223e-07,4.5776367230132564e-07,2.6702880795426154e-07,4.5204162626433223e-07,4.5776367230132564e-07,3.0548860137073116e-06,4.8916659472581895e-06,5.219654188156507e-06,3.0548860137073116e-06,4.8916659472581895e-06,5.219654188156507e-06,2.0980834936068504e-07,4.138946529508302e-07,4.5776367230132564e-07,2.0980834936068504e-07,4.138946529508302e-07,4.5776367230132564e-07,2.7205777641128943e-06,4.6220762158546156e-06,5.562134535860579e-06,2.7205777641128943e-06,4.6220762158546156e-06,5.562134535860579e-06,0.01999996185302777,0.03999999141693093,0.059999923706055114,0.01999996185302777,0.03999999141693093,0.059999923706055114,0.20677818062748254,0.496025250677392,0.751878743183648,0.20677818062748254,0.496025250677392,0.751878743183648
start_boundary,2020-03-13,2020-04-15,GARAN,24,24,1.0,0,0.0,0,0,0,0,0,0,0,0,0,24,0,1.0,24,0,1.0,24,0,1.0,0.0,24,24,0,0,0,0,0,0,1.9073486301479647e-07,4.196166987213701e-07,4.5776367230132564e-07,1.9073486301479647e-07,4.196166987213701e-07,4.5776367230132564e-07,2.3985922797513282e-06,5.193766890117395e-06,5.3728130551798785e-06,2.3985922797513282e-06,5.193766890117395e-06,5.3728130551798785e-06,1.811981200638968e-07,0.00850027847289956,0.06999969482421875,1.811981200638968e-07,0.00850027847289956,0.06999969482421875,2.3776788894693097e-06,0.10353567731910458,0.8749961853027344,2.3776788894693097e-06,0.10353567731910458,0.8749961853027344,0.010000133514404208,0.07399996376037592,0.10000003814697322,0.010000133514404208,0.07399996376037592,0.10000003814697322,0.13039491804575404,0.9289466707329984,1.1918955679019454,0.13039491804575404,0.9289466707329984,1.1918955679019454
start_boundary,2020-03-13,2020-04-15,ASELS,24,24,1.0,0,0.0,0,0,0,0,0,0,0,0,0,24,24,0.0,24,24,0.0,24,0,1.0,1.0,24,24,0,0,0,0,0,0,18.07499990463257,20.45024999809265,20.850000190734864,4.196166987213701e-07,9.040832525286645e-07,0.05999946594238281,75.00000000745511,75.00000094938933,75.05999946594238,1.7050709689243553e-06,3.881197720417234e-06,0.23999786376953125,17.227499933242797,18.870749817848203,19.185000019073485,4.5776367230132564e-07,7.629394538355427e-07,8.392333974427402e-07,75.0000000786024,75.00000080914666,75.00000091699454,1.9674108905691014e-06,3.621926435471808e-06,4.171140146335687e-06,17.507500019073486,19.759499948501585,20.459999828338624,0.039999351501464275,0.10000073623657287,0.17999977111816534,75.00000065392234,75.1106983553347,75.17019645529327,0.15798119969244667,0.45922938799839436,0.6807858211730913
start_boundary,2020-03-13,2020-04-15,BIMAS,24,24,1.0,0,0.0,0,0,0,0,0,0,0,0,0,24,24,0.0,24,24,0.0,24,1,0.9583333333333334,0.9583333333333334,24,24,0,0,0,0,0,0,26.0,27.42124994277954,27.800000762939455,7.629394502828291e-07,1.5258789076710855e-06,0.3999984741210909,50.0,50.00000156508678,50.389862060546875,1.467212954877554e-06,3.130173568977133e-06,0.7797241210937446,24.970000686645506,25.767500267028808,26.275000381469724,1.3732910133512632e-06,0.020001319885251688,0.20000076293945312,50.0,50.00000166200294,50.000001833989074,2.7690742523690265e-06,0.04013799607675129,0.40000152587890625,25.325000190734862,26.532500438690185,26.949999237060545,0.21499999999999986,0.5349995803833001,0.5999984741210938,49.999999620050076,50.43025518758073,50.53921493829465,0.430830988813145,1.0482447886327542,1.1538432194636417
start_boundary,2020-03-13,2020-04-15,TUPRS,24,24,1.0,0,0.0,0,0,0,0,0,0,0,0,0,24,24,0.0,24,24,0.0,24,1,0.9583333333333334,0.9583333333333334,24,24,0,0,0,0,0,0,71.12142858505248,81.15000047683716,82.41428604125977,2.7656555161570395e-06,6.752014163424745e-06,7.247924799003158e-06,85.71428618024174,85.71428692871267,85.71428699319334,3.3330847043480076e-06,8.500988600780259e-06,8.952353430204916e-06,65.98928642272949,78.3300002193451,78.90000038146972,3.7193298325632895e-06,0.24999471664428796,0.2999956130981474,85.71428619459252,85.71428689184658,85.71428710691225,4.867753519041145e-06,0.34847240923885725,0.38191675760426147,67.17500047683716,79.38785707473755,81.29999961853028,0.20000047683715394,0.6424985122680688,0.7000000000000028,85.68338077508449,85.75477172655003,85.84595128373931,0.26667360257569517,0.7424013637274927,0.9216589861751189
start_boundary,2020-03-13,2020-04-15,EREGL,24,24,1.0,0,0.0,0,0,0,0,0,0,0,0,0,24,24,0.0,24,24,0.0,24,2,0.9166666666666666,0.9166666666666666,24,24,0,0,0,0,0,0,3.862500033378601,4.111500022888183,4.265000133514404,1.3351440397713077e-07,4.3487548868625903e-07,0.029999923706054865,50.0,50.00000184196848,50.19480469938997,1.726558256283761e-06,5.418851222836039e-06,0.3896093987799333,3.75,3.8704999957084656,3.9550000762939455,1.3351440397713077e-07,2.2888183615066282e-07,0.01999990463256829,50.00000012681839,50.000001385703705,50.000001527916126,1.780812567274074e-06,3.088715501829431e-06,0.27284999498728907,3.8099999475479125,3.9892500419616694,4.020000085830689,0.030000038146972496,0.07850007152557381,0.18000017166137727,49.87061223213408,50.51027618218402,51.145039259932425,0.3863749819101937,1.0205523643680416,2.2900785198648506
start_boundary,2020-03-13,2020-04-15,SISE,24,24,1.0,0,0.0,0,0,0,0,0,0,0,0,0,24,0,1.0,24,0,1.0,24,0,1.0,0.0,24,24,0,0,0,0,0,0,1.4305114737211966e-07,2.0980834936068504e-07,2.2888183615066282e-07,1.4305114737211966e-07,2.0980834936068504e-07,2.2888183615066282e-07,3.3546542603369102e-06,4.833518423910125e-06,5.707776462610046e-06,3.3546542603369102e-06,4.833518423910125e-06,5.707776462610046e-06,7.152557368605983e-08,2.069473264754151e-07,2.2888183615066282e-07,7.152557368605983e-08,2.069473264754151e-07,2.2888183615066282e-07,1.7368390471519165e-06,4.602155432176274e-06,5.3728130551798785e-06,1.7368390471519165e-06,4.602155432176274e-06,5.3728130551798785e-06,0.009999952316284144,0.037000080108642266,0.0500001144409179,0.009999952316284144,0.037000080108642266,0.0500001144409179,0.24752508931872297,0.8986431705630168,1.0706662621181564,0.24752508931872297,0.8986431705630168,1.0706662621181564
start_boundary,2020-03-13,2020-04-15,SASA,24,24,1.0,0,0.0,0,0,0,0,0,0,0,0,0,24,24,0.0,24,24,0.0,24,2,0.9166666666666666,0.9166666666666666,24,24,0,0,0,0,0,0,7.929126504957676,9.318438446223736,9.693332000970841,2.270330329157133e-05,4.63187260513198e-05,5.0310347585735826e-05,98.0114493877071,98.0114593142945,98.01146068823024,0.00031288115669797175,0.0008120666580903791,0.0008811587615869152,7.110730503797531,8.65784119656682,8.762224006056785,3.088909420512209e-05,4.946623895101254e-05,4.977212885304283e-05,98.01145235996438,98.01145994284097,98.0114619692399,0.00046234921457225593,0.000843674829936325,0.0009455778231889906,7.62519150108099,8.921800551712513,9.075860003232956,0.005000631993261617,0.02852115872606047,0.06995122411274579,98.01144765676854,98.01841939889766,98.02069770273312,0.055473846298960156,0.4516670979014017,0.7824521712835101
start_boundary,2020-03-13,2020-04-15,KCHOL,24,24,1.0,0,0.0,0,0,0,0,0,0,0,0,0,24,3,0.875,24,3,0.875,24,3,0.875,0.0,24,24,1,1,0,1,0,0,3.8146972691777137e-07,0.08849970436096137,0.14000000000000057,3.8146972691777137e-07,0.08849970436096137,0.14000000000000057,2.5876924540273767e-06,0.6151555743685442,0.867410161090462,2.5876924540273767e-06,0.6151555743685442,0.867410161090462,2.6702880795426154e-07,0.17599961090087898,0.3199999237060549,2.6702880795426154e-07,0.17599961090087898,0.3199999237060549,1.99657779580921e-06,1.175645125166127,2.4132724261391774,1.99657779580921e-06,1.175645125166127,2.4132724261391774,0.06500007629394489,0.36950034713745056,0.3999998474121096,0.06500007629394489,0.36950034713745056,0.3999998474121096,0.4559238739438445,2.3562782481686484,3.016590101147131,0.4559238739438445,2.3562782481686484,3.016590101147131
start_boundary,2020-03-13,2020-04-15,HEKTS,24,24,1.0,0,0.0,0,0,0,0,0,0,0,0,0,24,24,0.0,24,24,0.0,24,24,0.0,0.0,24,24,0,0,0,0,0,0,9.593224509954453,10.072885874032975,10.501458978652954,8.54642351658426,8.973745096307042,9.355552940204333,94.60773730211879,94.60774265477515,94.60774309494916,84.28425709603846,84.28427269634874,84.28427397923535,9.082342511415481,9.732297855138778,9.801362023353576,8.091287895506028,8.670321291015664,8.731850314189224,94.6077404601215,94.60774463654718,94.60774508251507,84.28426630003345,84.28427847222086,84.28427977199368,9.267097516059875,9.886025373101235,10.302783026695252,8.25642886932686,8.80438215493629,9.178556864092311,94.60774310945938,94.63251757215723,94.6586084815691,84.28427402152536,84.35647916214218,84.43252108506421
start_boundary,2020-03-13,2020-04-15,__ALL__,240,240,1.0,0,0.0,0,0,0,0,0,0,0,0,0,240,149,0.37916666666666665,240,149,0.37916666666666665,240,35,0.8541666666666666,0.475,240,240,1,1,0,1,0,0,4.6660960674285885,71.10214251518249,82.41428604125977,4.196166987213701e-07,8.500910362712945,9.355552940204333,50.0,98.01144893738713,98.01146068823024,3.014082527960572e-06,84.28425692694748,84.28427397923535,4.364079038947821,65.20821514129636,78.90000038146972,3.8146972514141453e-07,8.07611689633089,8.731850314189224,50.000000063409196,98.01145165355393,98.0114619692399,2.8086793756450475e-06,84.28426616440309,84.28427977199368,4.445485041439533,67.09464364051819,81.29999961853028,0.030009024650960114,8.236757791978773,9.178556864092311,49.93455031007744,98.0114471729086,98.02069770273312,0.2670227907558204,84.28426989993537,84.43252108506421
price_step_change,2023-10-20,2023-11-20,THYAO,22,22,1.0,0,0.0,0,0,0,0,0,0,0,0,0,22,0,1.0,22,0,1.0,22,0,1.0,0.0,21,21,0,0,0,0,0,0,3.0517578011313162e-06,6.103515630684342e-06,6.103515630684342e-06,3.0517578011313162e-06,6.103515630684342e-06,6.103515630684342e-06,1.3536711547740107e-06,2.799035701884832e-06,2.833572716195145e-06,1.3536711547740107e-06,2.799035701884832e-06,2.833572716195145e-06,3.0517578011313162e-06,6.103515630684342e-06,6.103515630684342e-06,3.0517578011313162e-06,6.103515630684342e-06,6.103515630684342e-06,1.4047842362290323e-06,2.701219070944032e-06,2.713879782429676e-06,1.4047842362290323e-06,2.701219070944032e-06,2.713879782429676e-06,3.0517578011313162e-06,6.103515630684342e-06,6.103515630684342e-06,3.0517578011313162e-06,6.103515630684342e-06,6.103515630684342e-06,1.3782643045802312e-06,2.797982725372046e-06,2.9471345392005513e-06,1.3782643045802312e-06,2.797982725372046e-06,2.9471345392005513e-06
price_step_change,2023-10-20,2023-11-20,GARAN,22,22,1.0,0,0.0,0,0,0,0,0,0,0,0,0,22,0,1.0,22,0,1.0,22,0,1.0,0.0,22,22,0,0,0,0,0,0,7.629394502828291e-07,1.8157959001285915e-06,1.8310546892053026e-06,7.629394502828291e-07,1.8157959001285915e-06,1.8310546892053026e-06,1.5513308159029934e-06,3.732072542177318e-06,3.848370511150279e-06,1.5513308159029934e-06,3.732072542177318e-06,3.848370511150279e-06,1.1444091789769573e-06,1.8234252944893113e-06,1.8310546892053026e-06,1.1444091789769573e-06,1.8234252944893113e-06,1.8310546892053026e-06,2.3856026046334796e-06,4.015321900003661e-06,4.061789461413715e-06,2.3856026046334796e-06,4.015321900003661e-06,4.061789461413715e-06,9.155273410499376e-07,1.8234252944893113e-06,1.8310546892053026e-06,9.155273410499376e-07,1.8234252944893113e-06,1.8310546892053026e-06,1.9129428924799434e-06,3.84408004742234e-06,3.9874884346805365e-06,1.9129428924799434e-06,3.84408004742234e-06,3.9874884346805365e-06
price_step_change,2023-10-20,2023-11-20,ASELS,22,22,1.0,0,0.0,0,0,0,0,0,0,0,0,0,22,0,1.0,22,0,1.0,22,0,1.0,0.0,22,22,0,0,0,0,0,0,9.918212882098487e-07,1.6784667948854803e-06,1.8310546892053026e-06,9.918212882098487e-07,1.6784667948854803e-06,1.8310546892053026e-06,2.315293672261472e-06,4.021242920185626e-06,4.367973972340894e-06,2.315293672261472e-06,4.021242920185626e-06,4.367973972340894e-06,1.1444091789769573e-06,1.6784667948854803e-06,1.8310546892053026e-06,1.1444091789769573e-06,1.6784667948854803e-06,1.8310546892053026e-06,2.7746713069000045e-06,4.319886600657496e-06,4.626211948472215e-06,2.7746713069000045e-06,4.319886600657496e-06,4.626211948472215e-06,9.918212882098487e-07,1.6708374005247605e-06,1.8310546892053026e-06,9.918212882098487e-07,1.6708374005247605e-06,1.8310546892053026e-06,2.3793184021714398e-06,3.998022138706774e-06,4.217076667907191e-06,2.3793184021714398e-06,3.998022138706774e-06,4.217076667907191e-06
price_step_change,2023-10-20,2023-11-20,BIMAS,22,22,1.0,0,0.0,0,0,0,0,0,0,0,0,0,22,22,0.0,22,22,0.0,22,1,0.9545454545454546,0.9545454545454546,22,10,0,0,0,0,0,0,147.86249694824218,156.0375,156.5,0.0,1.2207031261368684e-05,1.2207031261368684e-05,50.0,50.00000210575093,50.00000216975315,0.0,4.298267173683074e-06,4.3395063140308154e-06,142.04999694824218,149.61875,152.125,0.0,1.2207031261368684e-05,1.2207031261368684e-05,50.0,50.00000220006812,50.000002245590736,0.0,4.48840713050784e-06,4.542996375648934e-06,144.9375,153.2375,154.125,0.0,1.2207031261368684e-05,1.2207031261368684e-05,50.0,50.00000209123944,50.00000218920933,0.0,4.373806575053034e-06,4.395762067471619e-06
price_step_change,2023-10-20,2023-11-20,TUPRS,22,22,1.0,0,0.0,0,0,0,0,0,0,0,0,0,22,0,1.0,22,0,1.0,22,0,1.0,0.0,22,22,0,0,0,0,0,0,3.0517578011313162e-06,6.103515630684342e-06,6.103515630684342e-06,3.0517578011313162e-06,6.103515630684342e-06,6.103515630684342e-06,2.0143650954369727e-06,4.400558860866079e-06,4.435694499043853e-06,2.0143650954369727e-06,4.400558860866079e-06,4.435694499043853e-06,3.0517578011313162e-06,6.103515630684342e-06,6.103515630684342e-06,3.0517578011313162e-06,6.103515630684342e-06,6.103515630684342e-06,2.338524083435721e-06,4.71892871122975e-06,4.764649204281297e-06,2.338524083435721e-06,4.71892871122975e-06,4.764649204281297e-06,3.0517578011313162e-06,6.103515630684342e-06,6.103515630684342e-06,3.0517578011313162e-06,6.103515630684342e-06,6.103515630684342e-06,2.0338329041061356e-06,4.399330841198764e-06,4.49118147953226e-06,2.0338329041061356e-06,4.399330841198764e-06,4.49118147953226e-06
price_step_change,2023-10-20,2023-11-20,EREGL,22,22,1.0,0,0.0,0,0,0,0,0,0,0,0,0,22,22,0.0,22,22,0.0,22,0,1.0,1.0,22,22,0,0,0,0,0,0,19.375,20.87949970626831,21.08999984741211,6.866455066756316e-07,1.8310546892053026e-06,1.8310546892053026e-06,50.00000019863883,50.00000235233131,50.00000238294467,1.725043638385575e-06,4.744051053812841e-06,4.765889352434416e-06,18.844999732971193,19.251999763488772,19.380000839233396,7.629394502828291e-07,1.6708374005247605e-06,1.8310546892053026e-06,50.00000060455544,50.00000215706789,50.00000244662572,2.0620587643513815e-06,4.314135778960541e-06,4.8932514409548436e-06,19.0650004196167,19.789500717163087,20.900000381469724,1.0681152318170462e-06,1.6708374005247605e-06,1.8310546892053026e-06,49.99999960802933,50.000002183949036,50.00000241436536,2.8385925544830715e-06,4.371645983480318e-06,4.828730720478118e-06
price_step_change,2023-10-20,2023-11-20,SISE,22,22,1.0,0,0.0,0,0,0,0,0,0,0,0,0,22,1,0.9545454545454546,22,1,0.9545454545454546,22,1,0.9545454545454546,0.0,22,22,0,0,0,0,0,0,8.392333974427402e-07,1.8310546892053026e-06,1.8310546892053026e-06,8.392333974427402e-07,1.8310546892053026e-06,1.8310546892053026e-06,1.6900326148350903e-06,3.7276164188774606e-06,3.7691533330697873e-06,1.6900326148350903e-06,3.7276164188774606e-06,3.7691533330697873e-06,1.1444091789769573e-06,1.6708374005247605e-06,1.6784667948854803e-06,1.1444091789769573e-06,1.6708374005247605e-06,1.6784667948854803e-06,2.3861731593151342e-06,3.4359560589151093e-06,3.4779668356516378e-06,2.3861731593151342e-06,3.4359560589151093e-06,3.4779668356516378e-06,1.0681152353697598e-06,1.5258789076710855e-06,1.8310546892053026e-06,1.0681152353697598e-06,1.5258789076710855e-06,1.8310546892053026e-06,2.195854909361469e-06,3.1197712434276523e-06,3.861355312537542e-06,2.195854909361469e-06,3.1197712434276523e-06,3.861355312537542e-06
price_step_change,2023-10-20,2023-11-20,SASA,22,22,1.0,0,0.0,0,0,0,0,0,0,0,0,0,22,22,0.0,22,22,0.0,22,0,1.0,1.0,22,22,0,0,0,0,0,0,39.44500000953674,41.48375020980835,42.9800001335144,1.0681152318170462e-06,1.8234252944893113e-06,1.8310546892053026e-06,87.5000001041096,87.50000048223775,87.50000050392302,2.400276402255295e-06,3.857901961154393e-06,4.031384168219513e-06,38.123749799728394,39.39862489891052,39.760000171661375,9.155273446026513e-07,1.8310546892053026e-06,1.8310546892053026e-06,87.49999999931902,87.50000050196668,87.50000055933978,2.1524537857928712e-06,4.343877123726212e-06,4.474718204314033e-06,38.587499952316286,40.222000043869016,41.107500057220456,1.0681152318170462e-06,1.8310546892053026e-06,1.8310546892053026e-06,87.50000012312195,87.50000050326011,87.50000051526753,2.43417327214459e-06,4.117602424856355e-06,4.250359074292717e-06
price_step_change,2023-10-20,2023-11-20,KCHOL,22,22,1.0,0,0.0,0,0,0,0,0,0,0,0,0,22,1,0.9545454545454546,22,1,0.9545454545454546,22,1,0.9545454545454546,0.0,22,22,0,0,0,0,0,0,3.0517578011313162e-06,6.103515630684342e-06,6.103515630684342e-06,3.0517578011313162e-06,6.103515630684342e-06,6.103515630684342e-06,2.1529158242217168e-06,4.354998427811391e-06,4.394179719715149e-06,2.1529158242217168e-06,4.354998427811391e-06,4.394179719715149e-06,3.0517578011313162e-06,6.103515630684342e-06,6.103515630684342e-06,3.0517578011313162e-06,6.103515630684342e-06,6.103515630684342e-06,2.1916017310110114e-06,4.457241152381064e-06,4.484581653699002e-06,2.1916017310110114e-06,4.457241152381064e-06,4.484581653699002e-06,3.0517578011313162e-06,6.103515630684342e-06,6.103515630684342e-06,3.0517578011313162e-06,6.103515630684342e-06,6.103515630684342e-06,2.20264723008883e-06,4.369058193617329e-06,4.403690931229684e-06,2.20264723008883e-06,4.369058193617329e-06,4.403690931229684e-06
price_step_change,2023-10-20,2023-11-20,HEKTS,22,22,1.0,0,0.0,0,0,0,0,0,0,0,0,0,22,0,1.0,22,0,1.0,22,0,1.0,0.0,22,22,0,0,0,0,0,0,5.722045894884786e-07,9.155273446026513e-07,9.155273446026513e-07,5.722045894884786e-07,9.155273446026513e-07,9.155273446026513e-07,2.5454432099363244e-06,3.974651776720481e-06,4.061789461413715e-06,2.5454432099363244e-06,3.974651776720481e-06,4.061789461413715e-06,3.8146972514141453e-07,8.392333974427402e-07,8.392333974427402e-07,3.8146972514141453e-07,8.392333974427402e-07,8.392333974427402e-07,1.7889510679104687e-06,3.7940027009165465e-06,3.83561881829406e-06,1.7889510679104687e-06,3.7940027009165465e-06,3.83561881829406e-06,2.2888183437430598e-07,6.828308094952717e-07,8.392333974427402e-07,2.2888183437430598e-07,6.828308094952717e-07,8.392333974427402e-07,1.1035768291914464e-06,3.083559594650922e-06,3.7499258152043798e-06,1.1035768291914464e-06,3.083559594650922e-06,3.7499258152043798e-06
price_step_change,2023-10-20,2023-11-20,__ALL__,220,220,1.0,0,0.0,0,0,0,0,0,0,0,0,0,220,68,0.6909090909090909,220,68,0.6909090909090909,220,3,0.9863636363636363,0.2954545454545454,219,207,0,0,0,0,0,0,3.0517578011313162e-06,147.1987496948242,156.5,9.155273446026513e-07,6.103515630684342e-06,1.2207031261368684e-05,2.8455119270779896e-06,87.5000000870113,87.50000050392302,2.0011604008250964e-06,4.357113794370167e-06,4.765889352434416e-06,3.0517578011313162e-06,141.5549996948242,152.125,1.0681152318170462e-06,6.103515630684342e-06,1.2207031261368684e-05,3.02863614689649e-06,87.49999995938836,87.50000055933978,2.16130155887487e-06,4.435694499043853e-06,4.8932514409548436e-06,3.0517578011313162e-06,144.76874999999998,154.125,1.0681152318170462e-06,6.103515630684342e-06,1.2207031261368684e-05,2.7127786417093423e-06,87.50000012192993,87.50000051526753,2.107082602911286e-06,4.286931847305405e-06,4.828730720478118e-06
recent_90_calendar_days,2026-04-28,2026-07-26,THYAO,58,58,1.0,0,0.0,0,0,0,0,0,0,0,0,0,58,1,0.9827586206896551,58,1,0.9827586206896551,58,1,0.9827586206896551,0.0,2,2,0,0,0,0,0,0,0.0,0.0,21.75,0.0,0.0,21.75,0.0,0.0,7.937956204379562,0.0,0.0,7.937956204379562,0.0,0.0,0.75,0.0,0.0,0.75,0.0,0.0,0.2737226277372263,0.0,0.0,0.2737226277372263,0.0,0.0,0.0,0.0,0.0,0.0,0.0,0.0,0.0,0.0,0.0,0.0
recent_90_calendar_days,2026-04-28,2026-07-26,GARAN,58,58,1.0,0,0.0,0,0,0,0,0,0,0,0,0,58,2,0.9655172413793104,58,2,0.9655172413793104,58,2,0.9655172413793104,0.0,58,58,0,0,0,0,0,0,3.0517578011313162e-06,6.103515630684342e-06,10.300003051757812,3.0517578011313162e-06,6.103515630684342e-06,10.300003051757812,2.3251761335446675e-06,4.716781785691145e-06,8.583335876464844,2.3251761335446675e-06,4.716781785691145e-06,8.583335876464844,3.0517578011313162e-06,6.103515630684342e-06,6.103515630684342e-06,3.0517578011313162e-06,6.103515630684342e-06,6.103515630684342e-06,2.2808672782009913e-06,4.670839105960387e-06,4.735078068800886e-06,2.2808672782009913e-06,4.670839105960387e-06,4.735078068800886e-06,3.0517578011313162e-06,6.103515630684342e-06,6.103515630684342e-06,3.0517578011313162e-06,6.103515630684342e-06,6.103515630684342e-06,2.325432619649529e-06,4.694118184308557e-06,4.735078068800886e-06,2.325432619649529e-06,4.694118184308557e-06,4.735078068800886e-06
recent_90_calendar_days,2026-04-28,2026-07-26,ASELS,58,58,1.0,0,0.0,0,0,0,0,0,0,0,0,0,58,1,0.9827586206896551,58,1,0.9827586206896551,58,1,0.9827586206896551,0.0,1,1,0,0,0,0,0,0,0.0,0.0,31.5,0.0,0.0,31.5,0.0,0.0,8.338848444738584,0.0,0.0,8.338848444738584,0.0,0.0,0.0,0.0,0.0,0.0,0.0,0.0,0.0,0.0,0.0,0.0,0.0,0.0,0.0,0.0,0.0,0.0,0.0,0.0,0.0,0.0,0.0,0.0
recent_90_calendar_days,2026-04-28,2026-07-26,BIMAS,58,58,1.0,0,0.0,0,0,0,0,0,0,0,0,0,58,12,0.7931034482758621,58,12,0.7931034482758621,58,1,0.9827586206896551,0.18965517241379304,13,2,2,1,1,2,0,0,0.0,396.78749999999997,407.25,0.0,0.0,23.25,0.0,50.0,50.0,0.0,0.0,6.175298804780876,0.0,387.8625,393.25,0.0,0.0,1.5,0.0,50.0,50.0,0.0,0.0,0.398406374501992,0.0,390.725,406.5,0.0,0.0,0.0,0.0,50.0,50.0,0.0,0.0,0.0
recent_90_calendar_days,2026-04-28,2026-07-26,TUPRS,58,58,1.0,0,0.0,0,0,0,0,0,0,0,0,0,58,2,0.9655172413793104,58,2,0.9655172413793104,58,2,0.9655172413793104,0.0,32,32,0,0,0,0,0,0,0.0,6.103515630684342e-06,11.800000000000011,0.0,6.103515630684342e-06,11.800000000000011,0.0,2.6843538893133154e-06,4.882085229623505,0.0,2.6843538893133154e-06,4.882085229623505,0.0,6.103515630684342e-06,1.6999999999999886,0.0,6.103515630684342e-06,1.6999999999999886,0.0,2.79911162559448e-06,0.7033512618949064,0.0,2.79911162559448e-06,0.7033512618949064,0.0,6.103515630684342e-06,6.103515630684342e-06,0.0,6.103515630684342e-06,6.103515630684342e-06,0.0,2.692643594039869e-06,2.7692902135591386e-06,0.0,2.692643594039869e-06,2.7692902135591386e-06
recent_90_calendar_days,2026-04-28,2026-07-26,EREGL,58,58,1.0,0,0.0,0,0,0,0,0,0,0,0,0,58,4,0.9310344827586207,58,4,0.9310344827586207,58,4,0.9310344827586207,0.0,58,58,1,1,0,1,0,0,9.155273446026513e-07,1.6784667948854803e-06,3.5400012207031253,9.155273446026513e-07,1.6784667948854803e-06,3.5400012207031253,2.3784610126169583e-06,4.275586138652411e-06,10.062539001430146,2.3784610126169583e-06,4.275586138652411e-06,10.062539001430146,1.0681152318170462e-06,1.6784667948854803e-06,0.15999954223632784,1.0681152318170462e-06,1.6784667948854803e-06,0.15999954223632784,2.535886115425086e-06,4.59280909434103e-06,0.4548025646285613,2.535886115425086e-06,4.59280909434103e-06,0.4548025646285613,7.629394502828291e-07,1.6784667948854803e-06,1.8310546892053026e-06,7.629394502828291e-07,1.6784667948854803e-06,1.8310546892053026e-06,1.8277170723053153e-06,4.068024224152886e-06,4.568499723566125e-06,1.8277170723053153e-06,4.068024224152886e-06,4.568499723566125e-06
recent_90_calendar_days,2026-04-28,2026-07-26,SISE,58,58,1.0,0,0.0,0,0,0,0,0,0,0,0,0,58,4,0.9310344827586207,58,4,0.9310344827586207,58,4,0.9310344827586207,0.0,58,58,1,1,0,1,0,0,9.155273446026513e-07,1.8310546892053026e-06,3.440000152587892,9.155273446026513e-07,1.8310546892053026e-06,3.440000152587892,2.0714564659245715e-06,3.937387122041322e-06,8.018648374330752,2.0714564659245715e-06,3.937387122041322e-06,8.018648374330752,1.0681152318170462e-06,0.0030012817382828842,0.6999992370605455,1.0681152318170462e-06,0.0030012817382828842,0.6999992370605455,2.3604951332815903e-06,0.006266244378873231,1.6316998532879847,2.3604951332815903e-06,0.006266244378873231,1.6316998532879847,7.629394502828291e-07,1.6784667948854803e-06,1.8310546892053026e-06,7.629394502828291e-07,1.6784667948854803e-06,1.8310546892053026e-06,1.7126003965505097e-06,3.7161068555977616e-06,4.217076667907191e-06,1.7126003965505097e-06,3.7161068555977616e-06,4.217076667907191e-06
recent_90_calendar_days,2026-04-28,2026-07-26,SASA,58,58,1.0,0,0.0,0,0,0,48,0,0,0,0,48,58,4,0.9310344827586207,58,4,0.9310344827586207,58,4,0.9310344827586207,0.0,58,58,0,0,0,0,0,0,4.7683715642676816e-08,1.1444091807533141e-07,0.31999990463256855,4.7683715642676816e-08,1.1444091807533141e-07,0.31999990463256855,1.8180065876837566e-06,4.367973972340894e-06,12.648217574409825,1.8180065876837566e-06,4.367973972340894e-06,12.648217574409825,5.7220459037665705e-08,1.1444091807533141e-07,1.1444091807533141e-07,5.7220459037665705e-08,1.1444091807533141e-07,1.1444091807533141e-07,2.181164396112228e-06,4.367973972340894e-06,4.828730720478118e-06,2.181164396112228e-06,4.367973972340894e-06,4.828730720478118e-06,4.7683715642676816e-08,1.0633468618959085e-07,1.1444091807533141e-07,4.7683715642676816e-08,1.0633468618959085e-07,1.1444091807533141e-07,1.94627410786436e-06,3.973642988726786e-06,4.351365706286366e-06,1.94627410786436e-06,3.973642988726786e-06,4.351365706286366e-06
recent_90_calendar_days,2026-04-28,2026-07-26,KCHOL,58,58,1.0,0,0.0,0,0,0,0,0,0,0,0,0,58,2,0.9655172413793104,58,2,0.9655172413793104,58,2,0.9655172413793104,0.0,58,58,0,0,0,0,0,0,3.0517578011313162e-06,6.103515630684342e-06,12.899996948242176,3.0517578011313162e-06,6.103515630684342e-06,12.899996948242176,1.5812424594120518e-06,3.177756273797942e-06,7.037641542958088,1.5812424594120518e-06,3.177756273797942e-06,7.037641542958088,3.0517578011313162e-06,0.01500564575195952,5.300000000000011,3.0517578011313162e-06,0.01500564575195952,5.300000000000011,1.6500477843331169e-06,0.008076292338069039,2.891434806328429,1.6500477843331169e-06,0.008076292338069039,2.891434806328429,3.0517578011313162e-06,6.103515630684342e-06,6.103515630684342e-06,3.0517578011313162e-06,6.103515630684342e-06,6.103515630684342e-06,1.5491172317497538e-06,3.220430580103819e-06,3.297415251585274e-06,1.5491172317497538e-06,3.220430580103819e-06,3.297415251585274e-06
recent_90_calendar_days,2026-04-28,2026-07-26,HEKTS,58,58,1.0,0,0.0,0,0,0,0,0,0,0,0,0,58,5,0.9137931034482759,58,5,0.9137931034482759,58,5,0.9137931034482759,0.0,58,58,0,0,0,0,0,0,7.629394538355427e-08,2.126693723791817e-07,0.49999990463256827,7.629394538355427e-08,2.126693723791817e-07,0.49999990463256827,2.2609632937279005e-06,4.971761833191589e-06,13.888886239793564,2.2609632937279005e-06,4.971761833191589e-06,13.888886239793564,4.7683715642676816e-08,1.9073486345888568e-07,2.0980834936068504e-07,4.7683715642676816e-08,1.9073486345888568e-07,2.0980834936068504e-07,1.299018939857949e-06,4.349675621118157e-06,4.971761833191589e-06,1.299018939857949e-06,4.349675621118157e-06,4.971761833191589e-06,7.629394538355427e-08,1.7452239968740456e-07,2.2888183615066282e-07,7.629394538355427e-08,1.7452239968740456e-07,2.2888183615066282e-07,2.060387901946207e-06,4.1958374042851455e-06,5.3981565129873305e-06,2.060387901946207e-06,4.1958374042851455e-06,5.3981565129873305e-06
recent_90_calendar_days,2026-04-28,2026-07-26,__ALL__,580,580,1.0,0,0.0,0,0,0,48,0,0,0,0,48,580,37,0.9362068965517242,580,37,0.9362068965517242,580,26,0.9551724137931035,0.018965517241379293,396,385,4,3,1,4,0,0,7.629394538355427e-08,6.103515630684342e-06,407.25,6.675720198856538e-08,6.103515630684342e-06,31.5,1.2584673142434285e-06,4.699534123272335e-06,50.0,1.1588956655250413e-06,4.369759820285332e-06,13.888886239793564,6.675720198856538e-08,6.103515630684342e-06,393.25,4.7683715642676816e-08,6.103515630684342e-06,5.300000000000011,1.1967685013393097e-06,4.728109324935106e-06,50.0,9.633073874683685e-07,4.436017329793419e-06,2.891434806328429,5.2452087118126656e-08,6.103515630684342e-06,406.5,3.814697269177714e-08,6.103515630684342e-06,6.103515630684342e-06,9.390312017984355e-07,4.35398196753353e-06,50.0,7.568843788051018e-07,3.973642988726786e-06,5.3981565129873305e-06
full_period,2020-03-13,2026-07-26,THYAO,1589,1588,0.9993706733794839,1,0.0006293266205160479,0,0,1,0,0,0,0,1,0,1588,25,0.9842569269521411,1588,25,0.9842569269521411,1588,25,0.9842569269521411,0.0,953,953,2,2,0,2,0,0,7.629394538355427e-08,6.103515630684342e-06,21.75,7.629394538355427e-08,6.103515630684342e-06,21.75,5.652299666053946e-07,4.1977411490263696e-06,7.937956204379562,5.652299666053946e-07,4.1977411490263696e-06,7.937956204379562,7.629394538355427e-08,6.103515630684342e-06,6.25,7.629394538355427e-08,6.103515630684342e-06,6.25,6.598410391546979e-07,4.289954497900245e-06,4.312269926957481,6.598410391546979e-07,4.289954497900245e-06,4.312269926957481,9.536743128535363e-08,0.02000019073486392,6.600003051757824,9.536743128535363e-08,0.02000019073486392,6.600003051757824,6.082225659130437e-07,0.18685432165182383,4.881659061951053,6.082225659130437e-07,0.18685432165182383,4.881659061951053
full_period,2020-03-13,2026-07-26,BIMAS,1589,1589,1.0,0,0.0,0,0,0,1,0,0,0,0,1,1589,1543,0.0289490245437382,1589,1543,0.0289490245437382,1589,44,0.9723096286972939,0.9433606041535557,1544,898,16,16,1,16,0,1,71.70000305175782,318.54999999999995,407.25,0.0,6.103515630684342e-06,23.25,50.0,50.00000218138514,51.228878648233476,0.0,4.501132398615417e-06,6.175298804780876,69.25,308.5,393.25,0.0,6.103515630684342e-06,14.5,50.0,50.00000201303811,51.08614232209738,0.0,4.534558418041859e-06,2.992128387210876,70.3999984741211,312.25,406.5,0.0,0.25000152587890057,5.5,50.0,50.037419942277374,51.42089093701997,0.0,0.3938746688389523,3.2992930086410075
full_period,2020-03-13,2026-07-26,TUPRS,1589,1588,0.9993706733794839,1,0.0006293266205160479,0,0,1,0,0,0,0,1,0,1588,779,0.5094458438287154,1588,779,0.5094458438287154,1588,47,0.9704030226700252,0.4609571788413098,1514,1514,8,7,1,8,0,0,6.103515630684342e-06,409.0071414947508,556.8857147216797,3.0517578011313162e-06,1.2207031261368684e-05,11.800000000000011,4.403690931229684e-06,85.71428659874981,85.79082099919268,2.153675230156187e-06,6.326006324263816e-06,4.882085229623505,6.103515630684342e-06,395.60571693420394,548.1428604125977,3.0517578011313162e-06,1.52587890625e-05,4.800015258789074,4.482949841923146e-06,85.7142866343757,85.71428724667729,2.1445943788695123e-06,7.038352701808542e-06,1.520239330114758,6.103515630684342e-06,403.65428703308106,553.6285690307617,3.0517578011313162e-06,0.15000705718993856,11.400006103515636,4.336428108566556e-06,85.71428663569702,85.84595128373931,2.2208077697797697e-06,0.18534930014503528,2.3351098122727643
full_period,2020-03-13,2026-07-26,SISE,1589,1588,0.9993706733794839,1,0.0006293266205160479,0,0,1,0,0,0,0,1,0,1588,71,0.9552896725440806,1588,71,0.9552896725440806,1588,71,0.9552896725440806,0.0,1586,1586,7,7,0,7,0,0,4.5776366874861196e-07,1.6784667948854803e-06,3.440000152587892,4.5776366874861196e-07,1.6784667948854803e-06,3.440000152587892,2.1075675422177596e-06,4.506314347366922e-06,8.018648374330752,2.1075675422177596e-06,4.506314347366922e-06,8.018648374330752,4.5776367230132564e-07,1.6784667948854803e-06,3.0800001525878926,4.5776367230132564e-07,1.6784667948854803e-06,3.0800001525878926,2.082637271616586e-06,4.568499723566125e-06,6.589645170277904,2.082637271616586e-06,4.568499723566125e-06,6.589645170277904,6.866455066756316e-07,0.010000164985656968,1.5600009155273469,6.866455066756316e-07,0.010000164985656968,1.5600009155273469,2.230817112768177e-06,0.2045854435515757,3.7160574452771487,2.230817112768177e-06,0.2045854435515757,3.7160574452771487
full_period,2020-03-13,2026-07-26,SASA,1589,1589,1.0,0,0.0,0,0,0,115,0,0,0,0,115,1589,1124,0.29263687853996223,1589,1124,0.29263687853996223,1589,97,0.9389553178099433,0.6463184392699811,1589,1587,4,0,4,4,0,0,29.68157798051834,103.7937979507446,178.95156059265136,1.8310546892053026e-06,3.777399169493377e-05,1.4999989318847682,94.6332947880614,98.01144773299491,98.0151199656659,4.693699090843066e-06,0.0002309659708987197,12.648217574409825,28.53324199438095,98.6457467460632,167.12239894866943,1.8310546892053026e-06,4.0112904925848615e-05,3.1999799882736397,94.47545146240908,98.01144783845079,98.0114619692399,4.753516846327369e-06,0.00026392297173694984,2.9411580774573896,28.864118013381958,101.80649888992308,176.30182914733888,1.8310546892053026e-06,0.020048666606177788,2.099978027187362,94.50992350377342,98.01144871995834,98.02710905386171,4.586810343700657e-06,0.19672201575771334,2.4637655359535366
full_period,2020-03-13,2026-07-26,__ALL__,7945,7942,0.9996224040276904,3,0.0003775959723096287,0,0,3,116,0,0,0,3,116,7942,3542,0.554016620498615,7942,3542,0.554016620498615,7942,284,0.9642407454041803,0.41022412490556526,7186,6538,37,32,6,37,0,1,3.0517578011313162e-06,270.98749999999995,556.8857147216797,7.629394502828291e-07,2.0652114855579384e-05,23.25,3.7080896905737193e-06,97.31664872954082,98.0151199656659,2.0050971098103264e-06,4.9670999416260515e-05,12.648217574409825,3.0517578011313162e-06,262.98749999999995,548.1428604125977,7.629394502828291e-07,2.1741050292867195e-05,14.5,3.821065712031099e-06,97.31664873402694,98.0114619692399,2.011705867588211e-06,6.247273354229294e-05,6.589645170277904,6.103515630684342e-06,266.23749999999995,553.6285690307617,9.155273446026513e-07,0.050002260208132296,11.400006103515636,4.250359074292717e-06,97.3166488736677,98.02710905386171,2.1271546110656395e-06,0.22155552673164786,4.881659061951053
