security_id,current_ticker,provider_ticker,period_start,period_end,mapping_status,mapping_rule_id,isyatirim_symbol,yfinance_symbol,collection_status,notes
SEC_00064f6d8950,SNGYO,SNGYO,2020-03-13,2026-07-29,AUTO_NEW_TICKER,,SNGYO,SNGYO.IS,PLANNED,First trading date will be resolved during market-data collection.
SEC_01101a451dad,ALKLC,ALKLC,2020-03-13,2026-07-29,AUTO_NEW_TICKER,,ALKLC,ALKLC.IS,PLANNED,First trading date will be resolved during market-data collection.
SEC_013bd44cb6f7,IZENR,IZENR,2020-03-13,2026-07-29,AUTO_NEW_TICKER,,IZENR,IZENR.IS,PLANNED,First trading date will be resolved during market-data collection.
SEC_0216f2eb2517,AKENR,AKENR,2020-03-13,2026-07-29,AUTO_NEW_TICKER,,AKENR,AKENR.IS,PLANNED,First trading date will be resolved during market-data collection.
SEC_02ba05412e2f,TRILC,TRILC,2020-03-13,2026-07-29,AUTO_NEW_TICKER,,TRILC,TRILC.IS,PLANNED,First trading date will be resolved during market-data collection.
SEC_02c07712da92,BAGFS,BAGFS,2020-03-13,2026-07-29,AUTO_NEW_TICKER,,BAGFS,BAGFS.IS,PLANNED,First trading date will be resolved during market-data collection.
SEC_035c1c8b4282,TSKB,TSKB,2020-03-13,2026-07-29,AUTO_NEW_TICKER,,TSKB,TSKB.IS,PLANNED,First trading date will be resolved during market-data collection.
SEC_041fa4435035,DARDL,DARDL,2020-03-13,2026-07-29,AUTO_NEW_TICKER,,DARDL,DARDL.IS,PLANNED,First trading date will be resolved during market-data collection.
SEC_0478adf9cc5d,KTSKR,KTSKR,2020-03-13,2026-07-29,AUTO_NEW_TICKER,,KTSKR,KTSKR.IS,PLANNED,First trading date will be resolved during market-data collection.
SEC_04820ecce2f2,PAGYO,PAGYO,2020-03-13,2026-07-29,AUTO_NEW_TICKER,,PAGYO,PAGYO.IS,PLANNED,First trading date will be resolved during market-data collection.
SEC_056160ae882f,AVPGY,AVPGY,2020-03-13,2026-07-29,AUTO_NEW_TICKER,,AVPGY,AVPGY.IS,PLANNED,First trading date will be resolved during market-data collection.
SEC_05b1c9a47ec9,ONRYT,ONRYT,2020-03-13,2026-07-29,AUTO_NEW_TICKER,,ONRYT,ONRYT.IS,PLANNED,First trading date will be resolved during market-data collection.
SEC_060d417d1735,DUNYH,DUNYH,2020-03-13,2026-07-29,AUTO_NEW_TICKER,,DUNYH,DUNYH.IS,PLANNED,First trading date will be resolved during market-data collection.
SEC_0613c2808930,IZMDC,IZMDC,2020-03-13,2026-07-29,AUTO_NEW_TICKER,,IZMDC,IZMDC.IS,PLANNED,First trading date will be resolved during market-data collection.
SEC_06794db3b40f,CELHA,CELHA,2020-03-13,2026-07-29,AUTO_NEW_TICKER,,CELHA,CELHA.IS,PLANNED,First trading date will be resolved during market-data collection.
SEC_06e6e10559a8,MANAS,MANAS,2020-03-13,2026-07-29,AUTO_NEW_TICKER,,MANAS,MANAS.IS,PLANNED,First trading date will be resolved during market-data collection.
SEC_07c2c7d723d2,EUHOL,EUHOL,2020-03-13,2026-07-29,AUTO_NEW_TICKER,,EUHOL,EUHOL.IS,PLANNED,First trading date will be resolved during market-data collection.
SEC_08181c50a479,GZNMI,GZNMI,2020-03-13,2026-07-29,AUTO_NEW_TICKER,,GZNMI,GZNMI.IS,PLANNED,First trading date will be resolved during market-data collection.
SEC_08a3167c964e,ALGYO,ALGYO,2020-03-13,2026-07-29,AUTO_NEW_TICKER,,ALGYO,ALGYO.IS,PLANNED,First trading date will be resolved during market-data collection.
SEC_08f231cf48a2,OYAYO,OYAYO,2020-03-13,2026-07-29,AUTO_NEW_TICKER,,OYAYO,OYAYO.IS,PLANNED,First trading date will be resolved during market-data collection.
SEC_09e146cb6e9f,INFO,INFO,2020-03-13,2026-07-29,AUTO_NEW_TICKER,,INFO,INFO.IS,PLANNED,First trading date will be resolved during market-data collection.
SEC_0b8e51d544b2,GOLDA,GOLDA,2020-03-13,2026-07-29,AUTO_NEW_TICKER,,GOLDA,GOLDA.IS,PLANNED,First trading date will be resolved during market-data collection.
SEC_0bcae4923a97,BSOKE,BSOKE,2020-03-13,2026-07-29,AUTO_NEW_TICKER,,BSOKE,BSOKE.IS,PLANNED,First trading date will be resolved during market-data collection.
SEC_0c504aad266b,ELITE,ELITE,2020-03-13,2026-07-29,AUTO_NEW_TICKER,,ELITE,ELITE.IS,PLANNED,First trading date will be resolved during market-data collection.
SEC_0c6a02f7af22,ADGYO,ADGYO,2020-03-13,2026-07-29,AUTO_NEW_TICKER,,ADGYO,ADGYO.IS,PLANNED,First trading date will be resolved during market-data collection.
SEC_0da0a20706d7,ISVEA,ISVEA,2020-03-13,2026-07-29,AUTO_NEW_TICKER,,ISVEA,ISVEA.IS,PLANNED,First trading date will be resolved during market-data collection.
SEC_0ddc94542368,SKYLP,SKYLP,2020-03-13,2026-07-29,AUTO_NEW_TICKER,,SKYLP,SKYLP.IS,PLANNED,First trading date will be resolved during market-data collection.
SEC_0def830ad4fb,SURGY,SURGY,2020-03-13,2026-07-29,AUTO_NEW_TICKER,,SURGY,SURGY.IS,PLANNED,First trading date will be resolved during market-data collection.
SEC_0ecfe0489a66,BRKO,BRKO,2020-03-13,2026-07-29,AUTO_NEW_TICKER,,BRKO,BRKO.IS,PLANNED,First trading date will be resolved during market-data collection.
SEC_0f2baa712775,MHRGY,MHRGY,2020-03-13,2026-07-29,AUTO_NEW_TICKER,,MHRGY,MHRGY.IS,PLANNED,First trading date will be resolved during market-data collection.
SEC_0f390e9a4deb,MIATK,MIATK,2020-03-13,2026-07-29,AUTO_NEW_TICKER,,MIATK,MIATK.IS,PLANNED,First trading date will be resolved during market-data collection.
SEC_0f4bd7b320a7,AZTEK,AZTEK,2020-03-13,2026-07-29,AUTO_NEW_TICKER,,AZTEK,AZTEK.IS,PLANNED,First trading date will be resolved during market-data collection.
SEC_0fd09e17c997,BIZIM,BIZIM,2020-03-13,2026-07-29,AUTO_NEW_TICKER,,BIZIM,BIZIM.IS,PLANNED,First trading date will be resolved during market-data collection.
SEC_0fd50a01b130,EYGYO,EYGYO,2020-03-13,2026-07-29,AUTO_NEW_TICKER,,EYGYO,EYGYO.IS,PLANNED,First trading date will be resolved during market-data collection.
SEC_1039dc1b30aa,NTHOL,NTHOL,2020-03-13,2026-07-29,AUTO_NEW_TICKER,,NTHOL,NTHOL.IS,PLANNED,First trading date will be resolved during market-data collection.
SEC_1073193e5afd,MOPAS,MOPAS,2020-03-13,2026-07-29,AUTO_NEW_TICKER,,MOPAS,MOPAS.IS,PLANNED,First trading date will be resolved during market-data collection.
SEC_12b14ce2953d,MGROS,MGROS,2020-03-13,2026-07-29,AUTO_NEW_TICKER,,MGROS,MGROS.IS,PLANNED,First trading date will be resolved during market-data collection.
SEC_12b6aed35853,BURVA,BURVA,2020-03-13,2026-07-29,AUTO_NEW_TICKER,,BURVA,BURVA.IS,PLANNED,First trading date will be resolved during market-data collection.
SEC_12d182ed0464,AEFES,AEFES,2020-03-13,2026-07-29,AUTO_NEW_TICKER,,AEFES,AEFES.IS,PLANNED,First trading date will be resolved during market-data collection.
SEC_13296ba3d2d5,RUZYE,RUZYE,2020-03-13,2026-07-29,AUTO_NEW_TICKER,,RUZYE,RUZYE.IS,PLANNED,First trading date will be resolved during market-data collection.
SEC_13608480fa8d,KTLEV,KTLEV,2020-03-13,2026-07-29,AUTO_NEW_TICKER,,KTLEV,KTLEV.IS,PLANNED,First trading date will be resolved during market-data collection.
SEC_13959c05932c,AKHAN,AKHAN,2020-03-13,2026-07-29,AUTO_NEW_TICKER,,AKHAN,AKHAN.IS,PLANNED,First trading date will be resolved during market-data collection.
SEC_1403c112c87f,ATSYH,ATSYH,2020-03-13,2026-07-29,AUTO_NEW_TICKER,,ATSYH,ATSYH.IS,PLANNED,First trading date will be resolved during market-data collection.
SEC_149441eb5d5d,EKSUN,EKSUN,2020-03-13,2026-07-29,AUTO_NEW_TICKER,,EKSUN,EKSUN.IS,PLANNED,First trading date will be resolved during market-data collection.
SEC_14ae6f0d04ff,RUBNS,RUBNS,2020-03-13,2026-07-29,AUTO_NEW_TICKER,,RUBNS,RUBNS.IS,PLANNED,First trading date will be resolved during market-data collection.
SEC_14b03f002c0b,UMPAS,UMPAS,2020-03-13,2026-07-29,AUTO_NEW_TICKER,,UMPAS,UMPAS.IS,PLANNED,First trading date will be resolved during market-data collection.
SEC_14b88f5d3641,TURSG,TURSG,2020-03-13,2026-07-29,AUTO_NEW_TICKER,,TURSG,TURSG.IS,PLANNED,First trading date will be resolved during market-data collection.
SEC_14f822d99893,YKBNK,YKBNK,2020-03-13,2026-07-29,AUTO_NEW_TICKER,,YKBNK,YKBNK.IS,PLANNED,First trading date will be resolved during market-data collection.
SEC_15d03e981952,DSTKF,DSTKF,2020-03-13,2026-07-29,AUTO_NEW_TICKER,,DSTKF,DSTKF.IS,PLANNED,First trading date will be resolved during market-data collection.
SEC_163beffcb265,FMIZP,FMIZP,2020-03-13,2026-07-29,AUTO_NEW_TICKER,,FMIZP,FMIZP.IS,PLANNED,First trading date will be resolved during market-data collection.
SEC_164b423607cf,LYDYE,LYDYE,2020-03-13,2026-07-29,AUTO_NEW_TICKER,,LYDYE,LYDYE.IS,PLANNED,First trading date will be resolved during market-data collection.
SEC_166a85fcd36a,CEMTS,CEMTS,2020-03-13,2026-07-29,AUTO_NEW_TICKER,,CEMTS,CEMTS.IS,PLANNED,First trading date will be resolved during market-data collection.
SEC_16810f0f8390,PASEU,PASEU,2020-03-13,2026-07-29,AUTO_NEW_TICKER,,PASEU,PASEU.IS,PLANNED,First trading date will be resolved during market-data collection.
SEC_16d4ab14beb9,ENERY,ENERY,2020-03-13,2026-07-29,AUTO_NEW_TICKER,,ENERY,ENERY.IS,PLANNED,First trading date will be resolved during market-data collection.
SEC_170346650317,DGGYO,DGGYO,2020-03-13,2026-07-29,AUTO_NEW_TICKER,,DGGYO,DGGYO.IS,PLANNED,First trading date will be resolved during market-data collection.
SEC_174ce04251ac,TATEN,TATEN,2020-03-13,2026-07-29,AUTO_NEW_TICKER,,TATEN,TATEN.IS,PLANNED,First trading date will be resolved during market-data collection.
SEC_189de31cd10b,VANGD,VANGD,2020-03-13,2026-07-29,AUTO_NEW_TICKER,,VANGD,VANGD.IS,PLANNED,First trading date will be resolved during market-data collection.
SEC_1929347af0a1,AKCNS,AKCNS,2020-03-13,2026-07-29,AUTO_NEW_TICKER,,AKCNS,AKCNS.IS,PLANNED,First trading date will be resolved during market-data collection.
SEC_19516edd4cc6,GRSEL,GRSEL,2020-03-13,2026-07-29,AUTO_NEW_TICKER,,GRSEL,GRSEL.IS,PLANNED,First trading date will be resolved during market-data collection.
SEC_19a95af962df,SANFM,SANFM,2020-03-13,2026-07-29,AUTO_NEW_TICKER,,SANFM,SANFM.IS,PLANNED,First trading date will be resolved during market-data collection.
SEC_19c2bf02b842,SMRTG,SMRTG,2020-03-13,2026-07-29,AUTO_NEW_TICKER,,SMRTG,SMRTG.IS,PLANNED,First trading date will be resolved during market-data collection.
SEC_19eb20d60f72,QNBTR,QNBTR,2020-03-13,2026-07-29,AUTO_NEW_TICKER,,QNBTR,QNBTR.IS,PLANNED,First trading date will be resolved during market-data collection.
SEC_19eb805f8e5a,TARKM,TARKM,2020-03-13,2026-07-29,AUTO_NEW_TICKER,,TARKM,TARKM.IS,PLANNED,First trading date will be resolved during market-data collection.
SEC_1a54d2621526,ICBCT,ICBCT,2020-03-13,2026-07-29,AUTO_NEW_TICKER,,ICBCT,ICBCT.IS,PLANNED,First trading date will be resolved during market-data collection.
SEC_1ab4b07161e3,ASGYO,ASGYO,2020-03-13,2026-07-29,AUTO_NEW_TICKER,,ASGYO,ASGYO.IS,PLANNED,First trading date will be resolved during market-data collection.
SEC_1b713a6c91fe,BFREN,BFREN,2020-03-13,2026-07-29,AUTO_NEW_TICKER,,BFREN,BFREN.IS,PLANNED,First trading date will be resolved during market-data collection.
SEC_1b87f56f4e79,ULUFA,ULUFA,2020-03-13,2026-07-29,AUTO_NEW_TICKER,,ULUFA,ULUFA.IS,PLANNED,First trading date will be resolved during market-data collection.
SEC_1b8934217368,GENTS,GENTS,2020-03-13,2026-07-29,AUTO_NEW_TICKER,,GENTS,GENTS.IS,PLANNED,First trading date will be resolved during market-data collection.
SEC_1bd0f1d65709,EGEPO,EGEPO,2020-03-13,2026-07-29,AUTO_NEW_TICKER,,EGEPO,EGEPO.IS,PLANNED,First trading date will be resolved during market-data collection.
SEC_1ca3b299c88a,ONCSM,ONCSM,2020-03-13,2026-07-29,AUTO_NEW_TICKER,,ONCSM,ONCSM.IS,PLANNED,First trading date will be resolved during market-data collection.
SEC_1cab4adbc587,ALBRK,ALBRK,2020-03-13,2026-07-29,AUTO_NEW_TICKER,,ALBRK,ALBRK.IS,PLANNED,First trading date will be resolved during market-data collection.
SEC_1cd5526fbc17,ETILR,ETILR,2020-03-13,2026-07-29,AUTO_NEW_TICKER,,ETILR,ETILR.IS,PLANNED,First trading date will be resolved during market-data collection.
SEC_1d2b9e36a019,PNLSN,PNLSN,2020-03-13,2026-07-29,AUTO_NEW_TICKER,,PNLSN,PNLSN.IS,PLANNED,First trading date will be resolved during market-data collection.
SEC_1eb64dc5da26,RALYH,RALYH,2020-03-13,2026-07-29,AUTO_NEW_TICKER,,RALYH,RALYH.IS,PLANNED,First trading date will be resolved during market-data collection.
SEC_1ed54743536a,TUKAS,TUKAS,2020-03-13,2026-07-29,AUTO_NEW_TICKER,,TUKAS,TUKAS.IS,PLANNED,First trading date will be resolved during market-data collection.
SEC_1ef075053fab,JANTS,JANTS,2020-03-13,2026-07-29,AUTO_NEW_TICKER,,JANTS,JANTS.IS,PLANNED,First trading date will be resolved during market-data collection.
SEC_210a9cc69077,ARCLK,ARCLK,2020-03-13,2026-07-29,AUTO_NEW_TICKER,,ARCLK,ARCLK.IS,PLANNED,First trading date will be resolved during market-data collection.
SEC_2133cdd6c5d1,KSTUR,KSTUR,2020-03-13,2026-07-29,AUTO_NEW_TICKER,,KSTUR,KSTUR.IS,PLANNED,First trading date will be resolved during market-data collection.
SEC_21b76758e736,GARAN,GARAN,2020-03-13,2026-07-29,AUTO_NEW_TICKER,,GARAN,GARAN.IS,PLANNED,First trading date will be resolved during market-data collection.
SEC_228d9c57706e,BRLSM,BRLSM,2020-03-13,2026-07-29,AUTO_NEW_TICKER,,BRLSM,BRLSM.IS,PLANNED,First trading date will be resolved during market-data collection.
SEC_23659cb35b19,IDGYO,IDGYO,2020-03-13,2026-07-29,AUTO_NEW_TICKER,,IDGYO,IDGYO.IS,PLANNED,First trading date will be resolved during market-data collection.
SEC_23e9d029b564,LYDHO,LYDHO,2020-03-13,2026-07-29,AUTO_NEW_TICKER,,LYDHO,LYDHO.IS,PLANNED,First trading date will be resolved during market-data collection.
SEC_251e21872fd0,CONSE,CONSE,2020-03-13,2026-07-29,AUTO_NEW_TICKER,,CONSE,CONSE.IS,PLANNED,First trading date will be resolved during market-data collection.
SEC_256683bcc05c,GMTAS,GMTAS,2020-03-13,2026-07-29,AUTO_NEW_TICKER,,GMTAS,GMTAS.IS,PLANNED,First trading date will be resolved during market-data collection.
SEC_2574dc50f6f3,SRVGY,SRVGY,2020-03-13,2026-07-29,AUTO_NEW_TICKER,,SRVGY,SRVGY.IS,PLANNED,First trading date will be resolved during market-data collection.
SEC_25e8b012c26e,BAYRK,BAYRK,2020-03-13,2026-07-29,AUTO_NEW_TICKER,,BAYRK,BAYRK.IS,PLANNED,First trading date will be resolved during market-data collection.
SEC_262b539bd937,OSMEN,OSMEN,2020-03-13,2026-07-29,AUTO_NEW_TICKER,,OSMEN,OSMEN.IS,PLANNED,First trading date will be resolved during market-data collection.
SEC_26bd00b2e9b5,ULUUN,ULUUN,2020-03-13,2026-07-29,AUTO_NEW_TICKER,,ULUUN,ULUUN.IS,PLANNED,First trading date will be resolved during market-data collection.
SEC_2714b3a78c01,OZSUB,OZSUB,2020-03-13,2026-07-29,AUTO_NEW_TICKER,,OZSUB,OZSUB.IS,PLANNED,First trading date will be resolved during market-data collection.
SEC_2826316bb43f,GUNDG,GUNDG,2020-03-13,2026-07-29,AUTO_NEW_TICKER,,GUNDG,GUNDG.IS,PLANNED,First trading date will be resolved during market-data collection.
SEC_28334ffbc636,YBTAS,YBTAS,2020-03-13,2026-07-29,AUTO_NEW_TICKER,,YBTAS,YBTAS.IS,PLANNED,First trading date will be resolved during market-data collection.
SEC_286b88450992,SARKY,SARKY,2020-03-13,2026-07-29,AUTO_NEW_TICKER,,SARKY,SARKY.IS,PLANNED,First trading date will be resolved during market-data collection.
SEC_286dee27e1fa,BIENY,BIENY,2020-03-13,2026-07-29,AUTO_NEW_TICKER,,BIENY,BIENY.IS,PLANNED,First trading date will be resolved during market-data collection.
SEC_2a37109a14f2,NIBAS,NIBAS,2020-03-13,2026-07-29,AUTO_NEW_TICKER,,NIBAS,NIBAS.IS,PLANNED,First trading date will be resolved during market-data collection.
SEC_2a55d9032bec,BEGYO,BEGYO,2020-03-13,2026-07-29,AUTO_NEW_TICKER,,BEGYO,BEGYO.IS,PLANNED,First trading date will be resolved during market-data collection.
SEC_2a9f8d151c01,DESPC,DESPC,2020-03-13,2026-07-29,AUTO_NEW_TICKER,,DESPC,DESPC.IS,PLANNED,First trading date will be resolved during market-data collection.
SEC_2acdd7453034,ULAS,ULAS,2020-03-13,2026-07-29,AUTO_NEW_TICKER,,ULAS,ULAS.IS,PLANNED,First trading date will be resolved during market-data collection.
SEC_2afd0028b0b5,POLHO,POLHO,2020-03-13,2026-07-29,AUTO_NEW_TICKER,,POLHO,POLHO.IS,PLANNED,First trading date will be resolved during market-data collection.
SEC_2b592ca4fb7a,MAKIM,MAKIM,2020-03-13,2026-07-29,AUTO_NEW_TICKER,,MAKIM,MAKIM.IS,PLANNED,First trading date will be resolved during market-data collection.
SEC_2bb23a16cab2,ACSEL,ACSEL,2020-03-13,2026-07-29,AUTO_NEW_TICKER,,ACSEL,ACSEL.IS,PLANNED,First trading date will be resolved during market-data collection.
SEC_2bf2a28b69fc,A1YEN,A1YEN,2020-03-13,2026-07-29,AUTO_NEW_TICKER,,A1YEN,A1YEN.IS,PLANNED,First trading date will be resolved during market-data collection.
SEC_2c887b37a9a8,AKYHO,AKYHO,2020-03-13,2026-07-29,AUTO_NEW_TICKER,,AKYHO,AKYHO.IS,PLANNED,First trading date will be resolved during market-data collection.
SEC_2cbf518ac1df,ARMGD,ARMGD,2020-03-13,2026-07-29,AUTO_NEW_TICKER,,ARMGD,ARMGD.IS,PLANNED,First trading date will be resolved during market-data collection.
SEC_2ccc705a12fa,ASELS,ASELS,2020-03-13,2026-07-29,AUTO_NEW_TICKER,,ASELS,ASELS.IS,PLANNED,First trading date will be resolved during market-data collection.
SEC_2cda803838d4,TGSAS,TGSAS,2020-03-13,2026-07-29,AUTO_NEW_TICKER,,TGSAS,TGSAS.IS,PLANNED,First trading date will be resolved during market-data collection.
SEC_2d5ee664fc85,SDTTR,SDTTR,2020-03-13,2026-07-29,AUTO_NEW_TICKER,,SDTTR,SDTTR.IS,PLANNED,First trading date will be resolved during market-data collection.
SEC_2de2b93e3418,YKSLN,YKSLN,2020-03-13,2026-07-29,AUTO_NEW_TICKER,,YKSLN,YKSLN.IS,PLANNED,First trading date will be resolved during market-data collection.
SEC_2e4fa4b6a67c,ANHYT,ANHYT,2020-03-13,2026-07-29,AUTO_NEW_TICKER,,ANHYT,ANHYT.IS,PLANNED,First trading date will be resolved during market-data collection.
SEC_2e7ace754a4e,KRGYO,KRGYO,2020-03-13,2026-07-29,AUTO_NEW_TICKER,,KRGYO,KRGYO.IS,PLANNED,First trading date will be resolved during market-data collection.
SEC_2f6edac687d5,YGGYO,YGGYO,2020-03-13,2026-07-29,AUTO_NEW_TICKER,,YGGYO,YGGYO.IS,PLANNED,First trading date will be resolved during market-data collection.
SEC_2f75f3f50d8e,AGESA,AGESA,2020-03-13,2026-07-29,AUTO_NEW_TICKER,,AGESA,AGESA.IS,PLANNED,First trading date will be resolved during market-data collection.
SEC_2fc52ef71c26,ORMA,ORMA,2020-03-13,2026-07-29,AUTO_NEW_TICKER,,ORMA,ORMA.IS,PLANNED,First trading date will be resolved during market-data collection.
SEC_2fd9064b4ff4,INVES,INVES,2020-03-13,2026-07-29,AUTO_NEW_TICKER,,INVES,INVES.IS,PLANNED,First trading date will be resolved during market-data collection.
SEC_30af89b3a234,KRDMB,KRDMB,2020-03-13,2026-07-29,AUTO_NEW_TICKER,,KRDMB,KRDMB.IS,PLANNED,First trading date will be resolved during market-data collection.
SEC_316f4bf1e4f8,GLRMK,GLRMK,2020-03-13,2026-07-29,AUTO_NEW_TICKER,,GLRMK,GLRMK.IS,PLANNED,First trading date will be resolved during market-data collection.
SEC_31a1b3494d47,EREGL,EREGL,2020-03-13,2026-07-29,AUTO_NEW_TICKER,,EREGL,EREGL.IS,PLANNED,First trading date will be resolved during market-data collection.
SEC_341e9fd9157d,EDATA,EDATA,2020-03-13,2026-07-29,AUTO_NEW_TICKER,,EDATA,EDATA.IS,PLANNED,First trading date will be resolved during market-data collection.
SEC_3469d05177da,BALSU,BALSU,2020-03-13,2026-07-29,AUTO_NEW_TICKER,,BALSU,BALSU.IS,PLANNED,First trading date will be resolved during market-data collection.
SEC_34a2114adfed,KOTON,KOTON,2020-03-13,2026-07-29,AUTO_NEW_TICKER,,KOTON,KOTON.IS,PLANNED,First trading date will be resolved during market-data collection.
SEC_34e22d720ec5,FADE,FADE,2020-03-13,2026-07-29,AUTO_NEW_TICKER,,FADE,FADE.IS,PLANNED,First trading date will be resolved during market-data collection.
SEC_353c673a9040,AVTUR,AVTUR,2020-03-13,2026-07-29,AUTO_NEW_TICKER,,AVTUR,AVTUR.IS,PLANNED,First trading date will be resolved during market-data collection.
SEC_36bf24d49712,PATEK,PATEK,2020-03-13,2026-07-29,AUTO_NEW_TICKER,,PATEK,PATEK.IS,PLANNED,First trading date will be resolved during market-data collection.
SEC_36e7e5135be2,ICUGS,ICUGS,2020-03-13,2026-07-29,AUTO_NEW_TICKER,,ICUGS,ICUGS.IS,PLANNED,First trading date will be resolved during market-data collection.
SEC_370481710182,MARMR,MARMR,2020-03-13,2026-07-29,AUTO_NEW_TICKER,,MARMR,MARMR.IS,PLANNED,First trading date will be resolved during market-data collection.
SEC_371d6f84281a,VBTYZ,VBTYZ,2020-03-13,2026-07-29,AUTO_NEW_TICKER,,VBTYZ,VBTYZ.IS,PLANNED,First trading date will be resolved during market-data collection.
SEC_37dc46e91969,MNDRS,MNDRS,2020-03-13,2026-07-29,AUTO_NEW_TICKER,,MNDRS,MNDRS.IS,PLANNED,First trading date will be resolved during market-data collection.
SEC_38e7a41f3d5c,TDGYO,TDGYO,2020-03-13,2026-07-29,AUTO_NEW_TICKER,,TDGYO,TDGYO.IS,PLANNED,First trading date will be resolved during market-data collection.
SEC_3a275c5250f9,VKING,VKING,2020-03-13,2026-07-29,AUTO_NEW_TICKER,,VKING,VKING.IS,PLANNED,First trading date will be resolved during market-data collection.
SEC_3a2a7700a969,OYAKC,OYAKC,2020-03-13,2026-07-29,AUTO_NEW_TICKER,,OYAKC,OYAKC.IS,PLANNED,First trading date will be resolved during market-data collection.
SEC_3a612609ca41,PETUN,PETUN,2020-03-13,2026-07-29,AUTO_NEW_TICKER,,PETUN,PETUN.IS,PLANNED,First trading date will be resolved during market-data collection.
SEC_3b30b31863be,LIDFA,LIDFA,2020-03-13,2026-07-29,AUTO_NEW_TICKER,,LIDFA,LIDFA.IS,PLANNED,First trading date will be resolved during market-data collection.
SEC_3be1679a1693,ANELE,ANELE,2020-03-13,2026-07-29,AUTO_NEW_TICKER,,ANELE,ANELE.IS,PLANNED,First trading date will be resolved during market-data collection.
SEC_3c1ae3db077b,ADESE,ADESE,2020-03-13,2026-07-29,AUTO_NEW_TICKER,,ADESE,ADESE.IS,PLANNED,First trading date will be resolved during market-data collection.
SEC_3c1ca0322653,OZKGY,OZKGY,2020-03-13,2026-07-29,AUTO_NEW_TICKER,,OZKGY,OZKGY.IS,PLANNED,First trading date will be resolved during market-data collection.
SEC_3ce171ef9fa1,KORDS,KORDS,2020-03-13,2026-07-29,AUTO_NEW_TICKER,,KORDS,KORDS.IS,PLANNED,First trading date will be resolved during market-data collection.
SEC_3d025ed0ccf7,BERA,BERA,2020-03-13,2026-07-29,AUTO_NEW_TICKER,,BERA,BERA.IS,PLANNED,First trading date will be resolved during market-data collection.
SEC_3d58d1a2d2bb,ODAS,ODAS,2020-03-13,2026-07-29,AUTO_NEW_TICKER,,ODAS,ODAS.IS,PLANNED,First trading date will be resolved during market-data collection.
SEC_3de0a57a155f,ENTRA,ENTRA,2020-03-13,2026-07-29,AUTO_NEW_TICKER,,ENTRA,ENTRA.IS,PLANNED,First trading date will be resolved during market-data collection.
SEC_3deace0845ba,SVGYO,SVGYO,2020-03-13,2026-07-29,AUTO_NEW_TICKER,,SVGYO,SVGYO.IS,PLANNED,First trading date will be resolved during market-data collection.
SEC_3e4fa5adf334,YESIL,YESIL,2020-03-13,2026-07-29,AUTO_NEW_TICKER,,YESIL,YESIL.IS,PLANNED,First trading date will be resolved during market-data collection.
SEC_3eb72d9c955d,KUYAS,KUYAS,2020-03-13,2026-07-29,AUTO_NEW_TICKER,,KUYAS,KUYAS.IS,PLANNED,First trading date will be resolved during market-data collection.
SEC_3f2469940768,OTKAR,OTKAR,2020-03-13,2026-07-29,AUTO_NEW_TICKER,,OTKAR,OTKAR.IS,PLANNED,First trading date will be resolved during market-data collection.
SEC_3f3e698cd6b6,GUBRF,GUBRF,2020-03-13,2026-07-29,AUTO_NEW_TICKER,,GUBRF,GUBRF.IS,PLANNED,First trading date will be resolved during market-data collection.
SEC_3f7b77fd2160,KLRHO,KLRHO,2020-03-13,2026-07-29,AUTO_NEW_TICKER,,KLRHO,KLRHO.IS,PLANNED,First trading date will be resolved during market-data collection.
SEC_40b7b85e4757,BASGZ,BASGZ,2020-03-13,2026-07-29,AUTO_NEW_TICKER,,BASGZ,BASGZ.IS,PLANNED,First trading date will be resolved during market-data collection.
SEC_40c10e740b43,OBASE,OBASE,2020-03-13,2026-07-29,AUTO_NEW_TICKER,,OBASE,OBASE.IS,PLANNED,First trading date will be resolved during market-data collection.
SEC_40fe59c434e0,GOODY,GOODY,2020-03-13,2026-07-29,AUTO_NEW_TICKER,,GOODY,GOODY.IS,PLANNED,First trading date will be resolved during market-data collection.
SEC_41b6e547c594,KLSYN,KLSYN,2020-03-13,2026-07-29,AUTO_NEW_TICKER,,KLSYN,KLSYN.IS,PLANNED,First trading date will be resolved during market-data collection.
SEC_41ba20a54f19,CEOEM,CEOEM,2020-03-13,2026-07-29,AUTO_NEW_TICKER,,CEOEM,CEOEM.IS,PLANNED,First trading date will be resolved during market-data collection.
SEC_41c61f49255e,GARFA,GARFA,2020-03-13,2026-07-29,AUTO_NEW_TICKER,,GARFA,GARFA.IS,PLANNED,First trading date will be resolved during market-data collection.
SEC_4276a0977fd4,FORMT,FORMT,2020-03-13,2026-07-29,AUTO_NEW_TICKER,,FORMT,FORMT.IS,PLANNED,First trading date will be resolved during market-data collection.
SEC_42df84f31cd1,ETYAT,ETYAT,2020-03-13,2026-07-29,AUTO_NEW_TICKER,,ETYAT,ETYAT.IS,PLANNED,First trading date will be resolved during market-data collection.
SEC_436595b365af,TABGD,TABGD,2020-03-13,2026-07-29,AUTO_NEW_TICKER,,TABGD,TABGD.IS,PLANNED,First trading date will be resolved during market-data collection.
SEC_437aa8911ef5,TURGG,TURGG,2020-03-13,2026-07-29,AUTO_NEW_TICKER,,TURGG,TURGG.IS,PLANNED,First trading date will be resolved during market-data collection.
SEC_43ac4f9b6585,AKBNK,AKBNK,2020-03-13,2026-07-29,AUTO_NEW_TICKER,,AKBNK,AKBNK.IS,PLANNED,First trading date will be resolved during market-data collection.
SEC_44363414dae7,MERKO,MERKO,2020-03-13,2026-07-29,AUTO_NEW_TICKER,,MERKO,MERKO.IS,PLANNED,First trading date will be resolved during market-data collection.
SEC_4436a0040f4f,TAVHL,TAVHL,2020-03-13,2026-07-29,AUTO_NEW_TICKER,,TAVHL,TAVHL.IS,PLANNED,First trading date will be resolved during market-data collection.
SEC_444a261b8b9b,THYAO,THYAO,2020-03-13,2026-07-29,AUTO_NEW_TICKER,,THYAO,THYAO.IS,PLANNED,First trading date will be resolved during market-data collection.
SEC_449316bb999f,HLGYO,HLGYO,2020-03-13,2026-07-29,AUTO_NEW_TICKER,,HLGYO,HLGYO.IS,PLANNED,First trading date will be resolved during market-data collection.
SEC_44f79df2b93a,VERTU,VERTU,2020-03-13,2026-07-29,AUTO_NEW_TICKER,,VERTU,VERTU.IS,PLANNED,First trading date will be resolved during market-data collection.
SEC_454e8029ed2f,EMNIS,EMNIS,2020-03-13,2026-07-29,AUTO_NEW_TICKER,,EMNIS,EMNIS.IS,PLANNED,First trading date will be resolved during market-data collection.
SEC_45565fd83ccf,KLMSN,KLMSN,2020-03-13,2026-07-29,AUTO_NEW_TICKER,,KLMSN,KLMSN.IS,PLANNED,First trading date will be resolved during market-data collection.
SEC_45a56cebc1e2,KARTN,KARTN,2020-03-13,2026-07-29,AUTO_NEW_TICKER,,KARTN,KARTN.IS,PLANNED,First trading date will be resolved during market-data collection.
SEC_45b313a22f18,PNSUT,PNSUT,2020-03-13,2026-07-29,AUTO_NEW_TICKER,,PNSUT,PNSUT.IS,PLANNED,First trading date will be resolved during market-data collection.
SEC_45e69ca392d1,MEYSU,MEYSU,2020-03-13,2026-07-29,AUTO_NEW_TICKER,,MEYSU,MEYSU.IS,PLANNED,First trading date will be resolved during market-data collection.
SEC_46cbc274b8f8,BLUME,BLUME,2020-03-13,2026-07-29,AUTO_NEW_TICKER,,BLUME,BLUME.IS,PLANNED,First trading date will be resolved during market-data collection.
SEC_4730a4626b9c,PENGD,PENGD,2020-03-13,2026-07-29,AUTO_NEW_TICKER,,PENGD,PENGD.IS,PLANNED,First trading date will be resolved during market-data collection.
SEC_4754eb87adee,RYGYO,RYGYO,2020-03-13,2026-07-29,AUTO_NEW_TICKER,,RYGYO,RYGYO.IS,PLANNED,First trading date will be resolved during market-data collection.
SEC_48036f50801c,CCOLA,CCOLA,2020-03-13,2026-07-29,AUTO_NEW_TICKER,,CCOLA,CCOLA.IS,PLANNED,First trading date will be resolved during market-data collection.
SEC_486308fcd63a,ALFAS,ALFAS,2020-03-13,2026-07-29,AUTO_NEW_TICKER,,ALFAS,ALFAS.IS,PLANNED,First trading date will be resolved during market-data collection.
SEC_486cad6cc587,BARMA,BARMA,2020-03-13,2026-07-29,AUTO_NEW_TICKER,,BARMA,BARMA.IS,PLANNED,First trading date will be resolved during market-data collection.
SEC_48ae909a5217,RTALB,RTALB,2020-03-13,2026-07-29,AUTO_NEW_TICKER,,RTALB,RTALB.IS,PLANNED,First trading date will be resolved during market-data collection.
SEC_4966277855c0,HDFGS,HDFGS,2020-03-13,2026-07-29,AUTO_NEW_TICKER,,HDFGS,HDFGS.IS,PLANNED,First trading date will be resolved during market-data collection.
SEC_496b960dddd1,GOKNR,GOKNR,2020-03-13,2026-07-29,AUTO_NEW_TICKER,,GOKNR,GOKNR.IS,PLANNED,First trading date will be resolved during market-data collection.
SEC_4973243f32f3,TRGYO,TRGYO,2020-03-13,2026-07-29,AUTO_NEW_TICKER,,TRGYO,TRGYO.IS,PLANNED,First trading date will be resolved during market-data collection.
SEC_4ad3ec9aae03,TOASO,TOASO,2020-03-13,2026-07-29,AUTO_NEW_TICKER,,TOASO,TOASO.IS,PLANNED,First trading date will be resolved during market-data collection.
SEC_4baa28b74e22,SASA,SASA,2020-03-13,2026-07-29,AUTO_NEW_TICKER,,SASA,SASA.IS,PLANNED,First trading date will be resolved during market-data collection.
SEC_4bbbfe816bf4,AGHOL,AGHOL,2020-03-13,2026-07-29,AUTO_NEW_TICKER,,AGHOL,AGHOL.IS,PLANNED,First trading date will be resolved during market-data collection.
SEC_4bc9c1317e1f,ATATP,ATATP,2020-03-13,2026-07-29,AUTO_NEW_TICKER,,ATATP,ATATP.IS,PLANNED,First trading date will be resolved during market-data collection.
SEC_4d34f26198b8,KAREL,KAREL,2020-03-13,2026-07-29,AUTO_NEW_TICKER,,KAREL,KAREL.IS,PLANNED,First trading date will be resolved during market-data collection.
SEC_4db9a339610a,BNTAS,BNTAS,2020-03-13,2026-07-29,AUTO_NEW_TICKER,,BNTAS,BNTAS.IS,PLANNED,First trading date will be resolved during market-data collection.
SEC_4dbeca7875b3,COSMO,COSMO,2020-03-13,2026-07-29,AUTO_NEW_TICKER,,COSMO,COSMO.IS,PLANNED,First trading date will be resolved during market-data collection.
SEC_4dd7aa6498dd,YAYLA,YAYLA,2020-03-13,2026-07-29,AUTO_NEW_TICKER,,YAYLA,YAYLA.IS,PLANNED,First trading date will be resolved during market-data collection.
SEC_4e7ec7761869,KONYA,KONYA,2020-03-13,2026-07-29,AUTO_NEW_TICKER,,KONYA,KONYA.IS,PLANNED,First trading date will be resolved during market-data collection.
SEC_4ed369e7014d,ASUZU,ASUZU,2020-03-13,2026-07-29,AUTO_NEW_TICKER,,ASUZU,ASUZU.IS,PLANNED,First trading date will be resolved during market-data collection.
SEC_4ed60b990009,ARFYE,ARFYE,2020-03-13,2026-07-29,AUTO_NEW_TICKER,,ARFYE,ARFYE.IS,PLANNED,First trading date will be resolved during market-data collection.
SEC_4f40e1b26182,SMRVA,SMRVA,2020-03-13,2026-07-29,AUTO_NEW_TICKER,,SMRVA,SMRVA.IS,PLANNED,First trading date will be resolved during market-data collection.
SEC_4f505c38d44c,DOFER,DOFER,2020-03-13,2026-07-29,AUTO_NEW_TICKER,,DOFER,DOFER.IS,PLANNED,First trading date will be resolved during market-data collection.
SEC_510b28da97ea,CRDFA,CRDFA,2020-03-13,2026-07-29,AUTO_NEW_TICKER,,CRDFA,CRDFA.IS,PLANNED,First trading date will be resolved during market-data collection.
SEC_510cb8b7c846,ATEKS,ATEKS,2020-03-13,2026-07-29,AUTO_NEW_TICKER,,ATEKS,ATEKS.IS,PLANNED,First trading date will be resolved during market-data collection.
SEC_515766054a90,DMSAS,DMSAS,2020-03-13,2026-07-29,AUTO_NEW_TICKER,,DMSAS,DMSAS.IS,PLANNED,First trading date will be resolved during market-data collection.
SEC_524470aba2cb,ADEL,ADEL,2020-03-13,2026-07-29,AUTO_NEW_TICKER,,ADEL,ADEL.IS,PLANNED,First trading date will be resolved during market-data collection.
SEC_524d5decca75,OZRDN,OZRDN,2020-03-13,2026-07-29,AUTO_NEW_TICKER,,OZRDN,OZRDN.IS,PLANNED,First trading date will be resolved during market-data collection.
SEC_5261b059daaf,TMSN,TMSN,2020-03-13,2026-07-29,AUTO_NEW_TICKER,,TMSN,TMSN.IS,PLANNED,First trading date will be resolved during market-data collection.
SEC_531fb1252815,AKFYE,AKFYE,2020-03-13,2026-07-29,AUTO_NEW_TICKER,,AKFYE,AKFYE.IS,PLANNED,First trading date will be resolved during market-data collection.
SEC_53505c04587f,ISGSY,ISGSY,2020-03-13,2026-07-29,AUTO_NEW_TICKER,,ISGSY,ISGSY.IS,PLANNED,First trading date will be resolved during market-data collection.
SEC_542d04afc54d,SEKUR,SEKUR,2020-03-13,2026-07-29,AUTO_NEW_TICKER,,SEKUR,SEKUR.IS,PLANNED,First trading date will be resolved during market-data collection.
SEC_54408e4084fd,INTEM,INTEM,2020-03-13,2026-07-29,AUTO_NEW_TICKER,,INTEM,INTEM.IS,PLANNED,First trading date will be resolved during market-data collection.
SEC_54d1a934a592,BIGCH,BIGCH,2020-03-13,2026-07-29,AUTO_NEW_TICKER,,BIGCH,BIGCH.IS,PLANNED,First trading date will be resolved during market-data collection.
SEC_5506f4edb3e3,ALKIM,ALKIM,2020-03-13,2026-07-29,AUTO_NEW_TICKER,,ALKIM,ALKIM.IS,PLANNED,First trading date will be resolved during market-data collection.
SEC_55503a1aca04,SNPAM,SNPAM,2020-03-13,2026-07-29,AUTO_NEW_TICKER,,SNPAM,SNPAM.IS,PLANNED,First trading date will be resolved during market-data collection.
SEC_55671192402b,INGRM,INGRM,2020-03-13,2026-07-29,AUTO_NEW_TICKER,,INGRM,INGRM.IS,PLANNED,First trading date will be resolved during market-data collection.
SEC_55bb7006c48b,MNDTR,MNDTR,2020-03-13,2026-07-29,AUTO_NEW_TICKER,,MNDTR,MNDTR.IS,PLANNED,First trading date will be resolved during market-data collection.
SEC_55dcc776cb74,MCARD,MCARD,2020-03-13,2026-07-29,AUTO_NEW_TICKER,,MCARD,MCARD.IS,PLANNED,First trading date will be resolved during market-data collection.
SEC_56648001a516,GIPTA,GIPTA,2020-03-13,2026-07-29,AUTO_NEW_TICKER,,GIPTA,GIPTA.IS,PLANNED,First trading date will be resolved during market-data collection.
SEC_56b4c6562d06,OTTO,OTTO,2020-03-13,2026-07-29,AUTO_NEW_TICKER,,OTTO,OTTO.IS,PLANNED,First trading date will be resolved during market-data collection.
SEC_570f2896d5c7,ALTNY,ALTNY,2020-03-13,2026-07-29,AUTO_NEW_TICKER,,ALTNY,ALTNY.IS,PLANNED,First trading date will be resolved during market-data collection.
SEC_5784d11ac515,CASA,CASA,2020-03-13,2026-07-29,AUTO_NEW_TICKER,,CASA,CASA.IS,PLANNED,First trading date will be resolved during market-data collection.
SEC_57877e1c48c9,EMKEL,EMKEL,2020-03-13,2026-07-29,AUTO_NEW_TICKER,,EMKEL,EMKEL.IS,PLANNED,First trading date will be resolved during market-data collection.
SEC_5909f417ef85,HUBVC,HUBVC,2020-03-13,2026-07-29,AUTO_NEW_TICKER,,HUBVC,HUBVC.IS,PLANNED,First trading date will be resolved during market-data collection.
SEC_59a26a95c395,ALCAR,ALCAR,2020-03-13,2026-07-29,AUTO_NEW_TICKER,,ALCAR,ALCAR.IS,PLANNED,First trading date will be resolved during market-data collection.
SEC_5a102d7f71c6,EUPWR,EUPWR,2020-03-13,2026-07-29,AUTO_NEW_TICKER,,EUPWR,EUPWR.IS,PLANNED,First trading date will be resolved during market-data collection.
SEC_5a6f1deb4111,PENTA,PENTA,2020-03-13,2026-07-29,AUTO_NEW_TICKER,,PENTA,PENTA.IS,PLANNED,First trading date will be resolved during market-data collection.
SEC_5ad0c5697570,EKIM,EKIM,2020-03-13,2026-07-29,AUTO_NEW_TICKER,,EKIM,EKIM.IS,PLANNED,First trading date will be resolved during market-data collection.
SEC_5b2117d1ab3e,HURGZ,HURGZ,2020-03-13,2026-07-29,AUTO_NEW_TICKER,,HURGZ,HURGZ.IS,PLANNED,First trading date will be resolved during market-data collection.
SEC_5c263e01d510,ALBTN,ALBTN,2020-03-13,2026-07-29,AUTO_NEW_TICKER,,ALBTN,ALBTN.IS,PLANNED,First trading date will be resolved during market-data collection.
SEC_5c82ef9c2383,CANTE,CANTE,2020-03-13,2026-07-29,AUTO_NEW_TICKER,,CANTE,CANTE.IS,PLANNED,First trading date will be resolved during market-data collection.
SEC_5ccec9eb1321,OZYSR,OZYSR,2020-03-13,2026-07-29,AUTO_NEW_TICKER,,OZYSR,OZYSR.IS,PLANNED,First trading date will be resolved during market-data collection.
SEC_5da29113964c,MEDTR,MEDTR,2020-03-13,2026-07-29,AUTO_NEW_TICKER,,MEDTR,MEDTR.IS,PLANNED,First trading date will be resolved during market-data collection.
SEC_5e1cd2148896,BTCIM,BTCIM,2020-03-13,2026-07-29,AUTO_NEW_TICKER,,BTCIM,BTCIM.IS,PLANNED,First trading date will be resolved during market-data collection.
SEC_5ea2102c3f23,VAKFN,VAKFN,2020-03-13,2026-07-29,AUTO_NEW_TICKER,,VAKFN,VAKFN.IS,PLANNED,First trading date will be resolved during market-data collection.
SEC_5ef500f15b33,FLAP,FLAP,2020-03-13,2026-07-29,AUTO_NEW_TICKER,,FLAP,FLAP.IS,PLANNED,First trading date will be resolved during market-data collection.
SEC_5f32e9250600,DERIM,DERIM,2020-03-13,2026-07-29,AUTO_NEW_TICKER,,DERIM,DERIM.IS,PLANNED,First trading date will be resolved during market-data collection.
SEC_6031038097a8,ENDAE,ENDAE,2020-03-13,2026-07-29,AUTO_NEW_TICKER,,ENDAE,ENDAE.IS,PLANNED,First trading date will be resolved during market-data collection.
SEC_611720610fff,CLEBI,CLEBI,2020-03-13,2026-07-29,AUTO_NEW_TICKER,,CLEBI,CLEBI.IS,PLANNED,First trading date will be resolved during market-data collection.
SEC_6177fc71d60f,ARDYZ,ARDYZ,2020-03-13,2026-07-29,AUTO_NEW_TICKER,,ARDYZ,ARDYZ.IS,PLANNED,First trading date will be resolved during market-data collection.
SEC_640b53501242,DGNMO,DGNMO,2020-03-13,2026-07-29,AUTO_NEW_TICKER,,DGNMO,DGNMO.IS,PLANNED,First trading date will be resolved during market-data collection.
SEC_64d435e6b4a3,SUMAS,SUMAS,2020-03-13,2026-07-29,AUTO_NEW_TICKER,,SUMAS,SUMAS.IS,PLANNED,First trading date will be resolved during market-data collection.
SEC_6536a9c69371,SEKFK,SEKFK,2020-03-13,2026-07-29,AUTO_NEW_TICKER,,SEKFK,SEKFK.IS,PLANNED,First trading date will be resolved during market-data collection.
SEC_6569267a85d8,ENSRI,ENSRI,2020-03-13,2026-07-29,AUTO_NEW_TICKER,,ENSRI,ENSRI.IS,PLANNED,First trading date will be resolved during market-data collection.
SEC_65a584f74789,ORZAX,ORZAX,2020-03-13,2026-07-29,AUTO_NEW_TICKER,,ORZAX,ORZAX.IS,PLANNED,First trading date will be resolved during market-data collection.
SEC_6850f653dfd0,SOHOE,SOHOE,2020-03-13,2026-07-29,AUTO_NEW_TICKER,,SOHOE,SOHOE.IS,PLANNED,First trading date will be resolved during market-data collection.
SEC_69aff7d529f4,UFUK,UFUK,2020-03-13,2026-07-29,AUTO_NEW_TICKER,,UFUK,UFUK.IS,PLANNED,First trading date will be resolved during market-data collection.
SEC_6a3f29724678,TLMAN,TLMAN,2020-03-13,2026-07-29,AUTO_NEW_TICKER,,TLMAN,TLMAN.IS,PLANNED,First trading date will be resolved during market-data collection.
SEC_6ae4df948795,PRDGS,PRDGS,2020-03-13,2026-07-29,AUTO_NEW_TICKER,,PRDGS,PRDGS.IS,PLANNED,First trading date will be resolved during market-data collection.
SEC_6affa666d6ce,FONET,FONET,2020-03-13,2026-07-29,AUTO_NEW_TICKER,,FONET,FONET.IS,PLANNED,First trading date will be resolved during market-data collection.
SEC_6ba8d4d956c1,BVSAN,BVSAN,2020-03-13,2026-07-29,AUTO_NEW_TICKER,,BVSAN,BVSAN.IS,PLANNED,First trading date will be resolved during market-data collection.
SEC_6bd11af2ea52,KOPOL,KOPOL,2020-03-13,2026-07-29,AUTO_NEW_TICKER,,KOPOL,KOPOL.IS,PLANNED,First trading date will be resolved during market-data collection.
SEC_6be87fc32578,CUSAN,CUSAN,2020-03-13,2026-07-29,AUTO_NEW_TICKER,,CUSAN,CUSAN.IS,PLANNED,First trading date will be resolved during market-data collection.
SEC_6c86f591c0eb,SODSN,SODSN,2020-03-13,2026-07-29,AUTO_NEW_TICKER,,SODSN,SODSN.IS,PLANNED,First trading date will be resolved during market-data collection.
SEC_6d06a01c0c2c,SELVA,SELVA,2020-03-13,2026-07-29,AUTO_NEW_TICKER,,SELVA,SELVA.IS,PLANNED,First trading date will be resolved during market-data collection.
SEC_6e1557904577,TEZOL,TEZOL,2020-03-13,2026-07-29,AUTO_NEW_TICKER,,TEZOL,TEZOL.IS,PLANNED,First trading date will be resolved during market-data collection.
SEC_6e755163224e,MTRYO,MTRYO,2020-03-13,2026-07-29,AUTO_NEW_TICKER,,MTRYO,MTRYO.IS,PLANNED,First trading date will be resolved during market-data collection.
SEC_6f47c88b6e8b,AKFIS,AKFIS,2020-03-13,2026-07-29,AUTO_NEW_TICKER,,AKFIS,AKFIS.IS,PLANNED,First trading date will be resolved during market-data collection.
SEC_6f71d9bece8b,TUPRS,TUPRS,2020-03-13,2026-07-29,AUTO_NEW_TICKER,,TUPRS,TUPRS.IS,PLANNED,First trading date will be resolved during market-data collection.
SEC_6f99d30c13c3,PCILT,PCILT,2020-03-13,2026-07-29,AUTO_NEW_TICKER,,PCILT,PCILT.IS,PLANNED,First trading date will be resolved during market-data collection.
SEC_6fb296890e26,INDES,INDES,2020-03-13,2026-07-29,AUTO_NEW_TICKER,,INDES,INDES.IS,PLANNED,First trading date will be resolved during market-data collection.
SEC_701b56b6b1d2,ODINE,ODINE,2020-03-13,2026-07-29,AUTO_NEW_TICKER,,ODINE,ODINE.IS,PLANNED,First trading date will be resolved during market-data collection.
SEC_708ecaddf305,SAMAT,SAMAT,2020-03-13,2026-07-29,AUTO_NEW_TICKER,,SAMAT,SAMAT.IS,PLANNED,First trading date will be resolved during market-data collection.
SEC_70fa6a6024bb,BRYAT,BRYAT,2020-03-13,2026-07-29,AUTO_NEW_TICKER,,BRYAT,BRYAT.IS,PLANNED,First trading date will be resolved during market-data collection.
SEC_7116174aac17,SEYKM,SEYKM,2020-03-13,2026-07-29,AUTO_NEW_TICKER,,SEYKM,SEYKM.IS,PLANNED,First trading date will be resolved during market-data collection.
SEC_7237d6ee402a,YYAPI,YYAPI,2020-03-13,2026-07-29,AUTO_NEW_TICKER,,YYAPI,YYAPI.IS,PLANNED,First trading date will be resolved during market-data collection.
SEC_724d849fd1ee,BRKSN,BRKSN,2020-03-13,2026-07-29,AUTO_NEW_TICKER,,BRKSN,BRKSN.IS,PLANNED,First trading date will be resolved during market-data collection.
SEC_73f2a0593a9a,KCHOL,KCHOL,2020-03-13,2026-07-29,AUTO_NEW_TICKER,,KCHOL,KCHOL.IS,PLANNED,First trading date will be resolved during market-data collection.
SEC_7472dd0d8c63,SOKM,SOKM,2020-03-13,2026-07-29,AUTO_NEW_TICKER,,SOKM,SOKM.IS,PLANNED,First trading date will be resolved during market-data collection.
SEC_748858b95d82,ISKUR,ISKUR,2020-03-13,2026-07-29,AUTO_NEW_TICKER,,ISKUR,ISKUR.IS,PLANNED,First trading date will be resolved during market-data collection.
SEC_756ef6b2df7a,BRISA,BRISA,2020-03-13,2026-07-29,AUTO_NEW_TICKER,,BRISA,BRISA.IS,PLANNED,First trading date will be resolved during market-data collection.
SEC_7666c4de6ba7,VERUS,VERUS,2020-03-13,2026-07-29,AUTO_NEW_TICKER,,VERUS,VERUS.IS,PLANNED,First trading date will be resolved during market-data collection.
SEC_7670d2df18aa,AHGAZ,AHGAZ,2020-03-13,2026-07-29,AUTO_NEW_TICKER,,AHGAZ,AHGAZ.IS,PLANNED,First trading date will be resolved during market-data collection.
SEC_76f7374d52c5,KCAER,KCAER,2020-03-13,2026-07-29,AUTO_NEW_TICKER,,KCAER,KCAER.IS,PLANNED,First trading date will be resolved during market-data collection.
SEC_77d4f2b2186b,GWIND,GWIND,2020-03-13,2026-07-29,AUTO_NEW_TICKER,,GWIND,GWIND.IS,PLANNED,First trading date will be resolved during market-data collection.
SEC_786870cc8b94,HALKB,HALKB,2020-03-13,2026-07-29,AUTO_NEW_TICKER,,HALKB,HALKB.IS,PLANNED,First trading date will be resolved during market-data collection.
SEC_786c2177f751,ZOREN,ZOREN,2020-03-13,2026-07-29,AUTO_NEW_TICKER,,ZOREN,ZOREN.IS,PLANNED,First trading date will be resolved during market-data collection.
SEC_7921eb2827b6,BMSTL,BMSTL,2020-03-13,2026-07-29,AUTO_NEW_TICKER,,BMSTL,BMSTL.IS,PLANNED,First trading date will be resolved during market-data collection.
SEC_796dfd9f7b7b,CGCAM,CGCAM,2020-03-13,2026-07-29,AUTO_NEW_TICKER,,CGCAM,CGCAM.IS,PLANNED,First trading date will be resolved during market-data collection.
SEC_798ed0104aaf,BOSSA,BOSSA,2020-03-13,2026-07-29,AUTO_NEW_TICKER,,BOSSA,BOSSA.IS,PLANNED,First trading date will be resolved during market-data collection.
SEC_7a6abaa1928a,YIGIT,YIGIT,2020-03-13,2026-07-29,AUTO_NEW_TICKER,,YIGIT,YIGIT.IS,PLANNED,First trading date will be resolved during market-data collection.
SEC_7a7ef1b62704,ZEDUR,ZEDUR,2020-03-13,2026-07-29,AUTO_NEW_TICKER,,ZEDUR,ZEDUR.IS,PLANNED,First trading date will be resolved during market-data collection.
SEC_7ad8eb64aa81,DAPGM,DAPGM,2020-03-13,2026-07-29,AUTO_NEW_TICKER,,DAPGM,DAPGM.IS,PLANNED,First trading date will be resolved during market-data collection.
SEC_7b35516b9b98,KARSN,KARSN,2020-03-13,2026-07-29,AUTO_NEW_TICKER,,KARSN,KARSN.IS,PLANNED,First trading date will be resolved during market-data collection.
SEC_7c35469dd970,PETKM,PETKM,2020-03-13,2026-07-29,AUTO_NEW_TICKER,,PETKM,PETKM.IS,PLANNED,First trading date will be resolved during market-data collection.
SEC_7d40e5b770d8,TCELL,TCELL,2020-03-13,2026-07-29,AUTO_NEW_TICKER,,TCELL,TCELL.IS,PLANNED,First trading date will be resolved during market-data collection.
SEC_7da6b0aa5d3b,ISYAT,ISYAT,2020-03-13,2026-07-29,AUTO_NEW_TICKER,,ISYAT,ISYAT.IS,PLANNED,First trading date will be resolved during market-data collection.
SEC_7dc2d4adc4cd,ERBOS,ERBOS,2020-03-13,2026-07-29,AUTO_NEW_TICKER,,ERBOS,ERBOS.IS,PLANNED,First trading date will be resolved during market-data collection.
SEC_7e1150dfa2c2,MAVI,MAVI,2020-03-13,2026-07-29,AUTO_NEW_TICKER,,MAVI,MAVI.IS,PLANNED,First trading date will be resolved during market-data collection.
SEC_7e156b7bf816,RGYAS,RGYAS,2020-03-13,2026-07-29,AUTO_NEW_TICKER,,RGYAS,RGYAS.IS,PLANNED,First trading date will be resolved during market-data collection.
SEC_7e1db2620ef1,VAKKO,VAKKO,2020-03-13,2026-07-29,AUTO_NEW_TICKER,,VAKKO,VAKKO.IS,PLANNED,First trading date will be resolved during market-data collection.
SEC_7e83a43f2296,MAGEN,MAGEN,2020-03-13,2026-07-29,AUTO_NEW_TICKER,,MAGEN,MAGEN.IS,PLANNED,First trading date will be resolved during market-data collection.
SEC_7e8c1ed72868,EDIP,EDIP,2020-03-13,2026-07-29,AUTO_NEW_TICKER,,EDIP,EDIP.IS,PLANNED,First trading date will be resolved during market-data collection.
SEC_7ea9342199ef,PINSU,PINSU,2020-03-13,2026-07-29,AUTO_NEW_TICKER,,PINSU,PINSU.IS,PLANNED,First trading date will be resolved during market-data collection.
SEC_7ec9bb5ec68c,VSNMD,VSNMD,2020-03-13,2026-07-29,AUTO_NEW_TICKER,,VSNMD,VSNMD.IS,PLANNED,First trading date will be resolved during market-data collection.
SEC_7eef402ead69,EMPAE,EMPAE,2020-03-13,2026-07-29,AUTO_NEW_TICKER,,EMPAE,EMPAE.IS,PLANNED,First trading date will be resolved during market-data collection.
SEC_7f7eec5107e3,KAYSE,KAYSE,2020-03-13,2026-07-29,AUTO_NEW_TICKER,,KAYSE,KAYSE.IS,PLANNED,First trading date will be resolved during market-data collection.
SEC_7fc4a8b168ab,YONGA,YONGA,2020-03-13,2026-07-29,AUTO_NEW_TICKER,,YONGA,YONGA.IS,PLANNED,First trading date will be resolved during market-data collection.
SEC_80a8900cfed0,TSPOR,TSPOR,2020-03-13,2026-07-29,AUTO_NEW_TICKER,,TSPOR,TSPOR.IS,PLANNED,First trading date will be resolved during market-data collection.
SEC_81067270b05a,TSGYO,TSGYO,2020-03-13,2026-07-29,AUTO_NEW_TICKER,,TSGYO,TSGYO.IS,PLANNED,First trading date will be resolved during market-data collection.
SEC_815d6bf9688f,AKFGY,AKFGY,2020-03-13,2026-07-29,AUTO_NEW_TICKER,,AKFGY,AKFGY.IS,PLANNED,First trading date will be resolved during market-data collection.
SEC_81d0cf1de9ca,YATAS,YATAS,2020-03-13,2026-07-29,AUTO_NEW_TICKER,,YATAS,YATAS.IS,PLANNED,First trading date will be resolved during market-data collection.
SEC_81d72a045c31,HATSN,HATSN,2020-03-13,2026-07-29,AUTO_NEW_TICKER,,HATSN,HATSN.IS,PLANNED,First trading date will be resolved during market-data collection.
SEC_8215a720764f,KMPUR,KMPUR,2020-03-13,2026-07-29,AUTO_NEW_TICKER,,KMPUR,KMPUR.IS,PLANNED,First trading date will be resolved during market-data collection.
SEC_821d05bc35f1,IZINV,IZINV,2020-03-13,2026-07-29,AUTO_NEW_TICKER,,IZINV,IZINV.IS,PLANNED,First trading date will be resolved during market-data collection.
SEC_823f8bb1c881,MMCAS,MMCAS,2020-03-13,2026-07-29,AUTO_NEW_TICKER,,MMCAS,MMCAS.IS,PLANNED,First trading date will be resolved during market-data collection.
SEC_82dd061435e7,VKGYO,VKGYO,2020-03-13,2026-07-29,AUTO_NEW_TICKER,,VKGYO,VKGYO.IS,PLANNED,First trading date will be resolved during market-data collection.
SEC_830f50046beb,EGPRO,EGPRO,2020-03-13,2026-07-29,AUTO_NEW_TICKER,,EGPRO,EGPRO.IS,PLANNED,First trading date will be resolved during market-data collection.
SEC_8355a4dd31c9,ULUSE,ULUSE,2020-03-13,2026-07-29,AUTO_NEW_TICKER,,ULUSE,ULUSE.IS,PLANNED,First trading date will be resolved during market-data collection.
SEC_83762d5485b0,AKSUE,AKSUE,2020-03-13,2026-07-29,AUTO_NEW_TICKER,,AKSUE,AKSUE.IS,PLANNED,First trading date will be resolved during market-data collection.
SEC_8429a0b15f88,EKDMR,EKDMR,2020-03-13,2026-07-29,AUTO_NEW_TICKER,,EKDMR,EKDMR.IS,PLANNED,First trading date will be resolved during market-data collection.
SEC_850c3df7ab84,OZGYO,OZGYO,2020-03-13,2026-07-29,AUTO_NEW_TICKER,,OZGYO,OZGYO.IS,PLANNED,First trading date will be resolved during market-data collection.
SEC_85286afe1e75,LMKDC,LMKDC,2020-03-13,2026-07-29,AUTO_NEW_TICKER,,LMKDC,LMKDC.IS,PLANNED,First trading date will be resolved during market-data collection.
SEC_8586d8fe6d0e,DYOBY,DYOBY,2020-03-13,2026-07-29,AUTO_NEW_TICKER,,DYOBY,DYOBY.IS,PLANNED,First trading date will be resolved during market-data collection.
SEC_85b0e5c75c62,ORCAY,ORCAY,2020-03-13,2026-07-29,AUTO_NEW_TICKER,,ORCAY,ORCAY.IS,PLANNED,First trading date will be resolved during market-data collection.
SEC_85e4c613a16f,SAHOL,SAHOL,2020-03-13,2026-07-29,AUTO_NEW_TICKER,,SAHOL,SAHOL.IS,PLANNED,First trading date will be resolved during market-data collection.
SEC_86d63c3b1ac1,KATMR,KATMR,2020-03-13,2026-07-29,AUTO_NEW_TICKER,,KATMR,KATMR.IS,PLANNED,First trading date will be resolved during market-data collection.
SEC_86d6b76c3646,GLBMD,GLBMD,2020-03-13,2026-07-29,AUTO_NEW_TICKER,,GLBMD,GLBMD.IS,PLANNED,First trading date will be resolved during market-data collection.
SEC_88bcff5a54e9,ENJSA,ENJSA,2020-03-13,2026-07-29,AUTO_NEW_TICKER,,ENJSA,ENJSA.IS,PLANNED,First trading date will be resolved during market-data collection.
SEC_897d5842c99d,HATEK,HATEK,2020-03-13,2026-07-29,AUTO_NEW_TICKER,,HATEK,HATEK.IS,PLANNED,First trading date will be resolved during market-data collection.
SEC_89834cc8b9de,PEKGY,PEKGY,2020-03-13,2026-07-29,AUTO_NEW_TICKER,,PEKGY,PEKGY.IS,PLANNED,First trading date will be resolved during market-data collection.
SEC_89d040779882,DITAS,DITAS,2020-03-13,2026-07-29,AUTO_NEW_TICKER,,DITAS,DITAS.IS,PLANNED,First trading date will be resolved during market-data collection.
SEC_8a25ed2dc366,BLCYT,BLCYT,2020-03-13,2026-07-29,AUTO_NEW_TICKER,,BLCYT,BLCYT.IS,PLANNED,First trading date will be resolved during market-data collection.
SEC_8a2ccf9b1d47,BULGS,BULGS,2020-03-13,2026-07-29,AUTO_NEW_TICKER,,BULGS,BULGS.IS,PLANNED,First trading date will be resolved during market-data collection.
SEC_8aafa1b90b5b,ALCTL,ALCTL,2020-03-13,2026-07-29,AUTO_NEW_TICKER,,ALCTL,ALCTL.IS,PLANNED,First trading date will be resolved during market-data collection.
SEC_8ada3fa7c608,TRENJ,TRENJ,2020-03-13,2026-07-29,AUTO_NEW_TICKER,,TRENJ,TRENJ.IS,PLANNED,First trading date will be resolved during market-data collection.
SEC_8afe07035220,KBORU,KBORU,2020-03-13,2026-07-29,AUTO_NEW_TICKER,,KBORU,KBORU.IS,PLANNED,First trading date will be resolved during market-data collection.
SEC_8b6d3f19cb19,GENIL,GENIL,2020-03-13,2026-07-29,AUTO_NEW_TICKER,,GENIL,GENIL.IS,PLANNED,First trading date will be resolved during market-data collection.
SEC_8b6fa36202bf,AYGAZ,AYGAZ,2020-03-13,2026-07-29,AUTO_NEW_TICKER,,AYGAZ,AYGAZ.IS,PLANNED,First trading date will be resolved during market-data collection.
SEC_8b92ae934066,PAPIL,PAPIL,2020-03-13,2026-07-29,AUTO_NEW_TICKER,,PAPIL,PAPIL.IS,PLANNED,First trading date will be resolved during market-data collection.
SEC_8d645cabced4,KUTPO,KUTPO,2020-03-13,2026-07-29,AUTO_NEW_TICKER,,KUTPO,KUTPO.IS,PLANNED,First trading date will be resolved during market-data collection.
SEC_8d973988b642,DMRGD,DMRGD,2020-03-13,2026-07-29,AUTO_NEW_TICKER,,DMRGD,DMRGD.IS,PLANNED,First trading date will be resolved during market-data collection.
SEC_8d9abb3115c7,GSDHO,GSDHO,2020-03-13,2026-07-29,AUTO_NEW_TICKER,,GSDHO,GSDHO.IS,PLANNED,First trading date will be resolved during market-data collection.
SEC_8ddb347861c6,PSGYO,PSGYO,2020-03-13,2026-07-29,AUTO_NEW_TICKER,,PSGYO,PSGYO.IS,PLANNED,First trading date will be resolved during market-data collection.
SEC_8e2e8555139a,EKIZ,EKIZ,2020-03-13,2026-07-29,AUTO_NEW_TICKER,,EKIZ,EKIZ.IS,PLANNED,First trading date will be resolved during market-data collection.
SEC_8e2eef2d9169,FRMPL,FRMPL,2020-03-13,2026-07-29,AUTO_NEW_TICKER,,FRMPL,FRMPL.IS,PLANNED,First trading date will be resolved during market-data collection.
SEC_8f4368740f30,KOCMT,KOCMT,2020-03-13,2026-07-29,AUTO_NEW_TICKER,,KOCMT,KOCMT.IS,PLANNED,First trading date will be resolved during market-data collection.
SEC_8f48d837d021,BESLR,BESLR,2020-03-13,2026-07-29,AUTO_NEW_TICKER,,BESLR,BESLR.IS,PLANNED,First trading date will be resolved during market-data collection.
SEC_8fbe0589c7da,QUAGR,QUAGR,2020-03-13,2026-07-29,AUTO_NEW_TICKER,,QUAGR,QUAGR.IS,PLANNED,First trading date will be resolved during market-data collection.
SEC_9037f80f3f9e,SKBNK,SKBNK,2020-03-13,2026-07-29,AUTO_NEW_TICKER,,SKBNK,SKBNK.IS,PLANNED,First trading date will be resolved during market-data collection.
SEC_90e9104abc20,KRDMA,KRDMA,2020-03-13,2026-07-29,AUTO_NEW_TICKER,,KRDMA,KRDMA.IS,PLANNED,First trading date will be resolved during market-data collection.
SEC_91b302662a15,LKMNH,LKMNH,2020-03-13,2026-07-29,AUTO_NEW_TICKER,,LKMNH,LKMNH.IS,PLANNED,First trading date will be resolved during market-data collection.
SEC_91bf2c4037a8,AKGRT,AKGRT,2020-03-13,2026-07-29,AUTO_NEW_TICKER,,AKGRT,AKGRT.IS,PLANNED,First trading date will be resolved during market-data collection.
SEC_92646152ff64,TEKTU,TEKTU,2020-03-13,2026-07-29,AUTO_NEW_TICKER,,TEKTU,TEKTU.IS,PLANNED,First trading date will be resolved during market-data collection.
SEC_92b3c89c8856,INVEO,INVEO,2020-03-13,2026-07-29,AUTO_NEW_TICKER,,INVEO,INVEO.IS,PLANNED,First trading date will be resolved during market-data collection.
SEC_92e14a9aaa73,AYES,AYES,2020-03-13,2026-07-29,AUTO_NEW_TICKER,,AYES,AYES.IS,PLANNED,First trading date will be resolved during market-data collection.
SEC_93542d4fa17a,CRFSA,CRFSA,2020-03-13,2026-07-29,AUTO_NEW_TICKER,,CRFSA,CRFSA.IS,PLANNED,First trading date will be resolved during market-data collection.
SEC_9526c3ca15be,INTEK,INTEK,2020-03-13,2026-07-29,AUTO_NEW_TICKER,,INTEK,INTEK.IS,PLANNED,First trading date will be resolved during market-data collection.
SEC_954bfbb73793,DEVA,DEVA,2020-03-13,2026-07-29,AUTO_NEW_TICKER,,DEVA,DEVA.IS,PLANNED,First trading date will be resolved during market-data collection.
SEC_95e5b4b172c0,MEKAG,MEKAG,2020-03-13,2026-07-29,AUTO_NEW_TICKER,,MEKAG,MEKAG.IS,PLANNED,First trading date will be resolved during market-data collection.
SEC_95eeb29f40b5,ARSAN,ARSAN,2020-03-13,2026-07-29,AUTO_NEW_TICKER,,ARSAN,ARSAN.IS,PLANNED,First trading date will be resolved during market-data collection.
SEC_95f13fa4d525,EUKYO,EUKYO,2020-03-13,2026-07-29,AUTO_NEW_TICKER,,EUKYO,EUKYO.IS,PLANNED,First trading date will be resolved during market-data collection.
SEC_9636c8605f05,TRHOL,TRHOL,2020-03-13,2026-07-29,AUTO_NEW_TICKER,,TRHOL,TRHOL.IS,PLANNED,First trading date will be resolved during market-data collection.
SEC_965305e06748,ATLAS,ATLAS,2020-03-13,2026-07-29,AUTO_NEW_TICKER,,ATLAS,ATLAS.IS,PLANNED,First trading date will be resolved during market-data collection.
SEC_966ac700e6bb,TNZTP,TNZTP,2020-03-13,2026-07-29,AUTO_NEW_TICKER,,TNZTP,TNZTP.IS,PLANNED,First trading date will be resolved during market-data collection.
SEC_96df91e1483a,ISATR,ISATR,2020-03-13,2026-07-29,AUTO_NEW_TICKER,,ISATR,ISATR.IS,PLANNED,First trading date will be resolved during market-data collection.
SEC_970b3868ff03,AYEN,AYEN,2020-03-13,2026-07-29,AUTO_NEW_TICKER,,AYEN,AYEN.IS,PLANNED,First trading date will be resolved during market-data collection.
SEC_9759d53e8a00,A1CAP,A1CAP,2020-03-13,2026-07-29,AUTO_NEW_TICKER,,A1CAP,A1CAP.IS,PLANNED,First trading date will be resolved during market-data collection.
SEC_977076be874f,SEGMN,SEGMN,2020-03-13,2026-07-29,AUTO_NEW_TICKER,,SEGMN,SEGMN.IS,PLANNED,First trading date will be resolved during market-data collection.
SEC_97da3882aa58,TUREX,TUREX,2020-03-13,2026-07-29,AUTO_NEW_TICKER,,TUREX,TUREX.IS,PLANNED,First trading date will be resolved during market-data collection.
SEC_983f2919dc8a,EGEGY,EGEGY,2020-03-13,2026-07-29,AUTO_NEW_TICKER,,EGEGY,EGEGY.IS,PLANNED,First trading date will be resolved during market-data collection.
SEC_98b067b30d77,VESBE,VESBE,2020-03-13,2026-07-29,AUTO_NEW_TICKER,,VESBE,VESBE.IS,PLANNED,First trading date will be resolved during market-data collection.
SEC_98f490525216,CWENE,CWENE,2020-03-13,2026-07-29,AUTO_NEW_TICKER,,CWENE,CWENE.IS,PLANNED,First trading date will be resolved during market-data collection.
SEC_9934f0dd532c,KONTR,KONTR,2020-03-13,2026-07-29,AUTO_NEW_TICKER,,KONTR,KONTR.IS,PLANNED,First trading date will be resolved during market-data collection.
SEC_994a4fa42b20,MPARK,MPARK,2020-03-13,2026-07-29,AUTO_NEW_TICKER,,MPARK,MPARK.IS,PLANNED,First trading date will be resolved during market-data collection.
SEC_995ef6830a72,MERCN,MERCN,2020-03-13,2026-07-29,AUTO_NEW_TICKER,,MERCN,MERCN.IS,PLANNED,First trading date will be resolved during market-data collection.
SEC_99fb785553c7,EKOS,EKOS,2020-03-13,2026-07-29,AUTO_NEW_TICKER,,EKOS,EKOS.IS,PLANNED,First trading date will be resolved during market-data collection.
SEC_9a381e8b9e0d,DOHOL,DOHOL,2020-03-13,2026-07-29,AUTO_NEW_TICKER,,DOHOL,DOHOL.IS,PLANNED,First trading date will be resolved during market-data collection.
SEC_9a44b8e25b5b,CVKMD,CVKMD,2020-03-13,2026-07-29,AUTO_NEW_TICKER,,CVKMD,CVKMD.IS,PLANNED,First trading date will be resolved during market-data collection.
SEC_9a99878f0099,YEOTK,YEOTK,2020-03-13,2026-07-29,AUTO_NEW_TICKER,,YEOTK,YEOTK.IS,PLANNED,First trading date will be resolved during market-data collection.
SEC_9ae3a386560b,ISCTR,ISCTR,2020-03-13,2026-07-29,AUTO_NEW_TICKER,,ISCTR,ISCTR.IS,PLANNED,First trading date will be resolved during market-data collection.
SEC_9b0d89403655,YUNSA,YUNSA,2020-03-13,2026-07-29,AUTO_NEW_TICKER,,YUNSA,YUNSA.IS,PLANNED,First trading date will be resolved during market-data collection.
SEC_9b964d194d77,ECOGR,ECOGR,2020-03-13,2026-07-29,AUTO_NEW_TICKER,,ECOGR,ECOGR.IS,PLANNED,First trading date will be resolved during market-data collection.
SEC_9bca4484246e,KLSER,KLSER,2020-03-13,2026-07-29,AUTO_NEW_TICKER,,KLSER,KLSER.IS,PLANNED,First trading date will be resolved during market-data collection.
SEC_9c6e891dd808,KGYO,KGYO,2020-03-13,2026-07-29,AUTO_NEW_TICKER,,KGYO,KGYO.IS,PLANNED,First trading date will be resolved during market-data collection.
SEC_9d637f1987c7,VAKFA,VAKFA,2020-03-13,2026-07-29,AUTO_NEW_TICKER,,VAKFA,VAKFA.IS,PLANNED,First trading date will be resolved during market-data collection.
SEC_9e1655441181,GLYHO,GLYHO,2020-03-13,2026-07-29,AUTO_NEW_TICKER,,GLYHO,GLYHO.IS,PLANNED,First trading date will be resolved during market-data collection.
SEC_9e631c10c8d4,DURDO,DURDO,2020-03-13,2026-07-29,AUTO_NEW_TICKER,,DURDO,DURDO.IS,PLANNED,First trading date will be resolved during market-data collection.
SEC_9e68ae5db63c,ENPRA,ENPRA,2020-03-13,2026-07-29,AUTO_NEW_TICKER,,ENPRA,ENPRA.IS,PLANNED,First trading date will be resolved during market-data collection.
SEC_9e761af68c04,CIMSA,CIMSA,2020-03-13,2026-07-29,AUTO_NEW_TICKER,,CIMSA,CIMSA.IS,PLANNED,First trading date will be resolved during market-data collection.
SEC_9e7a1bdbe0fb,PRZMA,PRZMA,2020-03-13,2026-07-29,AUTO_NEW_TICKER,,PRZMA,PRZMA.IS,PLANNED,First trading date will be resolved during market-data collection.
SEC_9f2bd2dffbf3,BRMEN,BRMEN,2020-03-13,2026-07-29,AUTO_NEW_TICKER,,BRMEN,BRMEN.IS,PLANNED,First trading date will be resolved during market-data collection.
SEC_9f5953770301,HKTM,HKTM,2020-03-13,2026-07-29,AUTO_NEW_TICKER,,HKTM,HKTM.IS,PLANNED,First trading date will be resolved during market-data collection.
SEC_a089fd1996ff,AFYON,AFYON,2020-03-13,2026-07-29,AUTO_NEW_TICKER,,AFYON,AFYON.IS,PLANNED,First trading date will be resolved during market-data collection.
SEC_a0bf94682b4a,BETAE,BETAE,2020-03-13,2026-07-29,AUTO_NEW_TICKER,,BETAE,BETAE.IS,PLANNED,First trading date will be resolved during market-data collection.
SEC_a0fbc1eaa518,MZHLD,MZHLD,2020-03-13,2026-07-29,AUTO_NEW_TICKER,,MZHLD,MZHLD.IS,PLANNED,First trading date will be resolved during market-data collection.
SEC_a1ae639ca2f8,RNPOL,RNPOL,2020-03-13,2026-07-29,AUTO_NEW_TICKER,,RNPOL,RNPOL.IS,PLANNED,First trading date will be resolved during market-data collection.
SEC_a1c9c355852f,TTKOM,TTKOM,2020-03-13,2026-07-29,AUTO_NEW_TICKER,,TTKOM,TTKOM.IS,PLANNED,First trading date will be resolved during market-data collection.
SEC_a2830d236b43,ZRGYO,ZRGYO,2020-03-13,2026-07-29,AUTO_NEW_TICKER,,ZRGYO,ZRGYO.IS,PLANNED,First trading date will be resolved during market-data collection.
SEC_a2d34c04d581,EPLAS,EPLAS,2020-03-13,2026-07-29,AUTO_NEW_TICKER,,EPLAS,EPLAS.IS,PLANNED,First trading date will be resolved during market-data collection.
SEC_a37242ff0246,BORLS,BORLS,2020-03-13,2026-07-29,AUTO_NEW_TICKER,,BORLS,BORLS.IS,PLANNED,First trading date will be resolved during market-data collection.
SEC_a3e860ca18d8,HEDEF,HEDEF,2020-03-13,2026-07-29,AUTO_NEW_TICKER,,HEDEF,HEDEF.IS,PLANNED,First trading date will be resolved during market-data collection.
SEC_a4041c311945,SAFKR,SAFKR,2020-03-13,2026-07-29,AUTO_NEW_TICKER,,SAFKR,SAFKR.IS,PLANNED,First trading date will be resolved during market-data collection.
SEC_a41ed47bd425,ESEN,ESEN,2020-03-13,2026-07-29,AUTO_NEW_TICKER,,ESEN,ESEN.IS,PLANNED,First trading date will be resolved during market-data collection.
SEC_a499ed1f1fee,TMPOL,TMPOL,2020-03-13,2026-07-29,AUTO_NEW_TICKER,,TMPOL,TMPOL.IS,PLANNED,First trading date will be resolved during market-data collection.
SEC_a548b69e159c,KUVVA,KUVVA,2020-03-13,2026-07-29,AUTO_NEW_TICKER,,KUVVA,KUVVA.IS,PLANNED,First trading date will be resolved during market-data collection.
SEC_a649b4ef2cfa,AVOD,AVOD,2020-03-13,2026-07-29,AUTO_NEW_TICKER,,AVOD,AVOD.IS,PLANNED,First trading date will be resolved during market-data collection.
SEC_a663ea599af6,GATEG,GATEG,2020-03-13,2026-07-29,AUTO_NEW_TICKER,,GATEG,GATEG.IS,PLANNED,First trading date will be resolved during market-data collection.
SEC_a6af9f2fc8c8,DGATE,DGATE,2020-03-13,2026-07-29,AUTO_NEW_TICKER,,DGATE,DGATE.IS,PLANNED,First trading date will be resolved during market-data collection.
SEC_a709f511f0a6,VAKBN,VAKBN,2020-03-13,2026-07-29,AUTO_NEW_TICKER,,VAKBN,VAKBN.IS,PLANNED,First trading date will be resolved during market-data collection.
SEC_a753a5399747,EUREN,EUREN,2020-03-13,2026-07-29,AUTO_NEW_TICKER,,EUREN,EUREN.IS,PLANNED,First trading date will be resolved during market-data collection.
SEC_a9297aa1aebc,SKTAS,SKTAS,2020-03-13,2026-07-29,AUTO_NEW_TICKER,,SKTAS,SKTAS.IS,PLANNED,First trading date will be resolved during market-data collection.
SEC_a9d2602e5e97,KRPLS,KRPLS,2020-03-13,2026-07-29,AUTO_NEW_TICKER,,KRPLS,KRPLS.IS,PLANNED,First trading date will be resolved during market-data collection.
SEC_aa4f1b363b7d,IHGZT,IHGZT,2020-03-13,2026-07-29,AUTO_NEW_TICKER,,IHGZT,IHGZT.IS,PLANNED,First trading date will be resolved during market-data collection.
SEC_ab06c0124db7,GENKM,GENKM,2020-03-13,2026-07-29,AUTO_NEW_TICKER,,GENKM,GENKM.IS,PLANNED,First trading date will be resolved during market-data collection.
SEC_abaee63da5f9,CATES,CATES,2020-03-13,2026-07-29,AUTO_NEW_TICKER,,CATES,CATES.IS,PLANNED,First trading date will be resolved during market-data collection.
SEC_abc4ddf4d811,TEHOL,TEHOL,2020-03-13,2026-07-29,AUTO_NEW_TICKER,,TEHOL,TEHOL.IS,PLANNED,First trading date will be resolved during market-data collection.
SEC_abd53b1f0b7a,KENT,KENT,2020-03-13,2026-07-29,AUTO_NEW_TICKER,,KENT,KENT.IS,PLANNED,First trading date will be resolved during market-data collection.
SEC_ac0d8503f91d,KIMMR,KIMMR,2020-03-13,2026-07-29,AUTO_NEW_TICKER,,KIMMR,KIMMR.IS,PLANNED,First trading date will be resolved during market-data collection.
SEC_ac18ee5ff775,ISSEN,ISSEN,2020-03-13,2026-07-29,AUTO_NEW_TICKER,,ISSEN,ISSEN.IS,PLANNED,First trading date will be resolved during market-data collection.
SEC_ac1d209d12e6,HOROZ,HOROZ,2020-03-13,2026-07-29,AUTO_NEW_TICKER,,HOROZ,HOROZ.IS,PLANNED,First trading date will be resolved during market-data collection.
SEC_ac48c711d1de,KRTEK,KRTEK,2020-03-13,2026-07-29,AUTO_NEW_TICKER,,KRTEK,KRTEK.IS,PLANNED,First trading date will be resolved during market-data collection.
SEC_ac91931abb13,PKART,PKART,2020-03-13,2026-07-29,AUTO_NEW_TICKER,,PKART,PKART.IS,PLANNED,First trading date will be resolved during market-data collection.
SEC_ad4e666e633b,BINBN,BINBN,2020-03-13,2026-07-29,AUTO_NEW_TICKER,,BINBN,BINBN.IS,PLANNED,First trading date will be resolved during market-data collection.
SEC_ad7affdc7df3,ESCOM,ESCOM,2020-03-13,2026-07-29,AUTO_NEW_TICKER,,ESCOM,ESCOM.IS,PLANNED,First trading date will be resolved during market-data collection.
SEC_ad8ec60ffc97,MOBTL,MOBTL,2020-03-13,2026-07-29,AUTO_NEW_TICKER,,MOBTL,MOBTL.IS,PLANNED,First trading date will be resolved during market-data collection.
SEC_adec0cb816d3,UNLU,UNLU,2020-03-13,2026-07-29,AUTO_NEW_TICKER,,UNLU,UNLU.IS,PLANNED,First trading date will be resolved during market-data collection.
SEC_ae1fa2fb49c6,DOKTA,DOKTA,2020-03-13,2026-07-29,AUTO_NEW_TICKER,,DOKTA,DOKTA.IS,PLANNED,First trading date will be resolved during market-data collection.
SEC_ae30447eec9d,ATAGY,ATAGY,2020-03-13,2026-07-29,AUTO_NEW_TICKER,,ATAGY,ATAGY.IS,PLANNED,First trading date will be resolved during market-data collection.
SEC_ae8023d23aa9,PARSN,PARSN,2020-03-13,2026-07-29,AUTO_NEW_TICKER,,PARSN,PARSN.IS,PLANNED,First trading date will be resolved during market-data collection.
SEC_af6d88194a1d,SAYAS,SAYAS,2020-03-13,2026-07-29,AUTO_NEW_TICKER,,SAYAS,SAYAS.IS,PLANNED,First trading date will be resolved during market-data collection.
SEC_af818e0fa46e,BAHKM,BAHKM,2020-03-13,2026-07-29,AUTO_NEW_TICKER,,BAHKM,BAHKM.IS,PLANNED,First trading date will be resolved during market-data collection.
SEC_af8444e86232,DNISI,DNISI,2020-03-13,2026-07-29,AUTO_NEW_TICKER,,DNISI,DNISI.IS,PLANNED,First trading date will be resolved during market-data collection.
SEC_affebda53dce,ISDMR,ISDMR,2020-03-13,2026-07-29,AUTO_NEW_TICKER,,ISDMR,ISDMR.IS,PLANNED,First trading date will be resolved during market-data collection.
SEC_b160f4cda307,KRSTL,KRSTL,2020-03-13,2026-07-29,AUTO_NEW_TICKER,,KRSTL,KRSTL.IS,PLANNED,First trading date will be resolved during market-data collection.
SEC_b1fabd3c95c9,ISFIN,ISFIN,2020-03-13,2026-07-29,AUTO_NEW_TICKER,,ISFIN,ISFIN.IS,PLANNED,First trading date will be resolved during market-data collection.
SEC_b1fd8d1ddf7a,ECZYT,ECZYT,2020-03-13,2026-07-29,AUTO_NEW_TICKER,,ECZYT,ECZYT.IS,PLANNED,First trading date will be resolved during market-data collection.
SEC_b1fec42fc59c,AAGYO,AAGYO,2020-03-13,2026-07-29,AUTO_NEW_TICKER,,AAGYO,AAGYO.IS,PLANNED,First trading date will be resolved during market-data collection.
SEC_b27885ab3815,GOLTS,GOLTS,2020-03-13,2026-07-29,AUTO_NEW_TICKER,,GOLTS,GOLTS.IS,PLANNED,First trading date will be resolved during market-data collection.
SEC_b27b5e40362b,BEYAZ,BEYAZ,2020-03-13,2026-07-29,AUTO_NEW_TICKER,,BEYAZ,BEYAZ.IS,PLANNED,First trading date will be resolved during market-data collection.
SEC_b2e7c5ee9bf1,OBAMS,OBAMS,2020-03-13,2026-07-29,AUTO_NEW_TICKER,,OBAMS,OBAMS.IS,PLANNED,First trading date will be resolved during market-data collection.
SEC_b2f57671ba00,PRKAB,PRKAB,2020-03-13,2026-07-29,AUTO_NEW_TICKER,,PRKAB,PRKAB.IS,PLANNED,First trading date will be resolved during market-data collection.
SEC_b31fa2c2cc92,VRGYO,VRGYO,2020-03-13,2026-07-29,AUTO_NEW_TICKER,,VRGYO,VRGYO.IS,PLANNED,First trading date will be resolved during market-data collection.
SEC_b3778e3b20af,FORTE,FORTE,2020-03-13,2026-07-29,AUTO_NEW_TICKER,,FORTE,FORTE.IS,PLANNED,First trading date will be resolved during market-data collection.
SEC_b39a7168e3d5,POLTK,POLTK,2020-03-13,2026-07-29,AUTO_NEW_TICKER,,POLTK,POLTK.IS,PLANNED,First trading date will be resolved during market-data collection.
SEC_b4e69db5a2b7,BIOEN,BIOEN,2020-03-13,2026-07-29,AUTO_NEW_TICKER,,BIOEN,BIOEN.IS,PLANNED,First trading date will be resolved during market-data collection.
SEC_b59a82c2e2e4,GSDDE,GSDDE,2020-03-13,2026-07-29,AUTO_NEW_TICKER,,GSDDE,GSDDE.IS,PLANNED,First trading date will be resolved during market-data collection.
SEC_b5d2fbdc2071,SOKE,SOKE,2020-03-13,2026-07-29,AUTO_NEW_TICKER,,SOKE,SOKE.IS,PLANNED,First trading date will be resolved during market-data collection.
SEC_b65dac6e20ff,AHSGY,AHSGY,2020-03-13,2026-07-29,AUTO_NEW_TICKER,,AHSGY,AHSGY.IS,PLANNED,First trading date will be resolved during market-data collection.
SEC_b6d440d65d60,METEN,METEN,2020-03-13,2026-07-29,AUTO_NEW_TICKER,,METEN,METEN.IS,PLANNED,First trading date will be resolved during market-data collection.
SEC_b7016a47d8fe,BALAT,BALAT,2020-03-13,2026-07-29,AUTO_NEW_TICKER,,BALAT,BALAT.IS,PLANNED,First trading date will be resolved during market-data collection.
SEC_b71b44f42ab5,IMASM,IMASM,2020-03-13,2026-07-29,AUTO_NEW_TICKER,,IMASM,IMASM.IS,PLANNED,First trading date will be resolved during market-data collection.
SEC_b75a5843a263,OYLUM,OYLUM,2020-03-13,2026-07-29,AUTO_NEW_TICKER,,OYLUM,OYLUM.IS,PLANNED,First trading date will be resolved during market-data collection.
SEC_b7fac6a301f1,TBORG,TBORG,2020-03-13,2026-07-29,AUTO_NEW_TICKER,,TBORG,TBORG.IS,PLANNED,First trading date will be resolved during market-data collection.
SEC_b9f2fb8cf955,PAMEL,PAMEL,2020-03-13,2026-07-29,AUTO_NEW_TICKER,,PAMEL,PAMEL.IS,PLANNED,First trading date will be resolved during market-data collection.
SEC_b9fa466828c0,FZLGY,FZLGY,2020-03-13,2026-07-29,AUTO_NEW_TICKER,,FZLGY,FZLGY.IS,PLANNED,First trading date will be resolved during market-data collection.
SEC_bbd63ea5ec6c,IHLGM,IHLGM,2020-03-13,2026-07-29,AUTO_NEW_TICKER,,IHLGM,IHLGM.IS,PLANNED,First trading date will be resolved during market-data collection.
SEC_bc2acfaed205,BORSK,BORSK,2020-03-13,2026-07-29,AUTO_NEW_TICKER,,BORSK,BORSK.IS,PLANNED,First trading date will be resolved during market-data collection.
SEC_bc7e4e409e1e,EGEEN,EGEEN,2020-03-13,2026-07-29,AUTO_NEW_TICKER,,EGEEN,EGEEN.IS,PLANNED,First trading date will be resolved during market-data collection.
SEC_bd53cbaeac77,NUHCM,NUHCM,2020-03-13,2026-07-29,AUTO_NEW_TICKER,,NUHCM,NUHCM.IS,PLANNED,First trading date will be resolved during market-data collection.
SEC_bd85e86554dc,ALKA,ALKA,2020-03-13,2026-07-29,AUTO_NEW_TICKER,,ALKA,ALKA.IS,PLANNED,First trading date will be resolved during market-data collection.
SEC_bdb2aff3885c,DESA,DESA,2020-03-13,2026-07-29,AUTO_NEW_TICKER,,DESA,DESA.IS,PLANNED,First trading date will be resolved during market-data collection.
SEC_bdff1ca4becf,GSRAY,GSRAY,2020-03-13,2026-07-29,AUTO_NEW_TICKER,,GSRAY,GSRAY.IS,PLANNED,First trading date will be resolved during market-data collection.
SEC_be9ab6d4ea42,SANEL,SANEL,2020-03-13,2026-07-29,AUTO_NEW_TICKER,,SANEL,SANEL.IS,PLANNED,First trading date will be resolved during market-data collection.
SEC_bf5c053c6dad,DOFRB,DOFRB,2020-03-13,2026-07-29,AUTO_NEW_TICKER,,DOFRB,DOFRB.IS,PLANNED,First trading date will be resolved during market-data collection.
SEC_bf789538f660,DOCO,DOCO,2020-03-13,2026-07-29,AUTO_NEW_TICKER,,DOCO,DOCO.IS,PLANNED,First trading date will be resolved during market-data collection.
SEC_bfd0cab2933a,DOGUB,DOGUB,2020-03-13,2026-07-29,AUTO_NEW_TICKER,,DOGUB,DOGUB.IS,PLANNED,First trading date will be resolved during market-data collection.
SEC_c04437013f1a,ISMEN,ISMEN,2020-03-13,2026-07-29,AUTO_NEW_TICKER,,ISMEN,ISMEN.IS,PLANNED,First trading date will be resolved during market-data collection.
SEC_c07109106e1e,TUCLK,TUCLK,2020-03-13,2026-07-29,AUTO_NEW_TICKER,,TUCLK,TUCLK.IS,PLANNED,First trading date will be resolved during market-data collection.
SEC_c094fdf9811c,BANVT,BANVT,2020-03-13,2026-07-29,AUTO_NEW_TICKER,,BANVT,BANVT.IS,PLANNED,First trading date will be resolved during market-data collection.
SEC_c0b382a6a906,GRTHO,GRTHO,2020-03-13,2026-07-29,AUTO_NEW_TICKER,,GRTHO,GRTHO.IS,PLANNED,First trading date will be resolved during market-data collection.
SEC_c0ed66db7c09,REEDR,REEDR,2020-03-13,2026-07-29,AUTO_NEW_TICKER,,REEDR,REEDR.IS,PLANNED,First trading date will be resolved during market-data collection.
SEC_c15b0cda40fa,SISE,SISE,2020-03-13,2026-07-29,AUTO_NEW_TICKER,,SISE,SISE.IS,PLANNED,First trading date will be resolved during market-data collection.
SEC_c160cde5cf0f,HEKTS,HEKTS,2020-03-13,2026-07-29,AUTO_NEW_TICKER,,HEKTS,HEKTS.IS,PLANNED,First trading date will be resolved during market-data collection.
SEC_c1924e11e332,MOGAN,MOGAN,2020-03-13,2026-07-29,AUTO_NEW_TICKER,,MOGAN,MOGAN.IS,PLANNED,First trading date will be resolved during market-data collection.
SEC_c1c039cdcf4d,EGGUB,EGGUB,2020-03-13,2026-07-29,AUTO_NEW_TICKER,,EGGUB,EGGUB.IS,PLANNED,First trading date will be resolved during market-data collection.
SEC_c2f581393e4b,ISBTR,ISBTR,2020-03-13,2026-07-29,AUTO_NEW_TICKER,,ISBTR,ISBTR.IS,PLANNED,First trading date will be resolved during market-data collection.
SEC_c346c9a9abd2,ANSGR,ANSGR,2020-03-13,2026-07-29,AUTO_NEW_TICKER,,ANSGR,ANSGR.IS,PLANNED,First trading date will be resolved during market-data collection.
SEC_c38e7c8097a1,MAKTK,MAKTK,2020-03-13,2026-07-29,AUTO_NEW_TICKER,,MAKTK,MAKTK.IS,PLANNED,First trading date will be resolved during market-data collection.
SEC_c4528dced1ef,NTGAZ,NTGAZ,2020-03-13,2026-07-29,AUTO_NEW_TICKER,,NTGAZ,NTGAZ.IS,PLANNED,First trading date will be resolved during market-data collection.
SEC_c4e087222f01,KRONT,KRONT,2020-03-13,2026-07-29,AUTO_NEW_TICKER,,KRONT,KRONT.IS,PLANNED,First trading date will be resolved during market-data collection.
SEC_c5466df78eff,AYDEM,AYDEM,2020-03-13,2026-07-29,AUTO_NEW_TICKER,,AYDEM,AYDEM.IS,PLANNED,First trading date will be resolved during market-data collection.
SEC_c54baef9063a,OFSYM,OFSYM,2020-03-13,2026-07-29,AUTO_NEW_TICKER,,OFSYM,OFSYM.IS,PLANNED,First trading date will be resolved during market-data collection.
SEC_c5ea6781d821,MEPET,MEPET,2020-03-13,2026-07-29,AUTO_NEW_TICKER,,MEPET,MEPET.IS,PLANNED,First trading date will be resolved during market-data collection.
SEC_c72803403455,BUCIM,BUCIM,2020-03-13,2026-07-29,AUTO_NEW_TICKER,,BUCIM,BUCIM.IS,PLANNED,First trading date will be resolved during market-data collection.
SEC_c84877b00ce6,ARENA,ARENA,2020-03-13,2026-07-29,AUTO_NEW_TICKER,,ARENA,ARENA.IS,PLANNED,First trading date will be resolved during market-data collection.
SEC_c891611db6d8,BRSAN,BRSAN,2020-03-13,2026-07-29,AUTO_NEW_TICKER,,BRSAN,BRSAN.IS,PLANNED,First trading date will be resolved during market-data collection.
SEC_c8c83b0a4313,BINHO,BINHO,2020-03-13,2026-07-29,AUTO_NEW_TICKER,,BINHO,BINHO.IS,PLANNED,First trading date will be resolved during market-data collection.
SEC_c9919c2889b5,HTTBT,HTTBT,2020-03-13,2026-07-29,AUTO_NEW_TICKER,,HTTBT,HTTBT.IS,PLANNED,First trading date will be resolved during market-data collection.
SEC_ca17519e6a44,SKYMD,SKYMD,2020-03-13,2026-07-29,AUTO_NEW_TICKER,,SKYMD,SKYMD.IS,PLANNED,First trading date will be resolved during market-data collection.
SEC_ca57c4fae7e6,GEDZA,GEDZA,2020-03-13,2026-07-29,AUTO_NEW_TICKER,,GEDZA,GEDZA.IS,PLANNED,First trading date will be resolved during market-data collection.
SEC_ca62a45e1887,ALVES,ALVES,2020-03-13,2026-07-29,AUTO_NEW_TICKER,,ALVES,ALVES.IS,PLANNED,First trading date will be resolved during market-data collection.
SEC_cbcf7cecf2a1,NATEN,NATEN,2020-03-13,2026-07-29,AUTO_NEW_TICKER,,NATEN,NATEN.IS,PLANNED,First trading date will be resolved during market-data collection.
SEC_cc22ca217622,CEMAS,CEMAS,2020-03-13,2026-07-29,AUTO_NEW_TICKER,,CEMAS,CEMAS.IS,PLANNED,First trading date will be resolved during market-data collection.
SEC_cc2eab23bf2e,IHEVA,IHEVA,2020-03-13,2026-07-29,AUTO_NEW_TICKER,,IHEVA,IHEVA.IS,PLANNED,First trading date will be resolved during market-data collection.
SEC_cc40051154df,KRVGD,KRVGD,2020-03-13,2026-07-29,AUTO_NEW_TICKER,,KRVGD,KRVGD.IS,PLANNED,First trading date will be resolved during market-data collection.
SEC_cd5a2ede3c93,OYYAT,OYYAT,2020-03-13,2026-07-29,AUTO_NEW_TICKER,,OYYAT,OYYAT.IS,PLANNED,First trading date will be resolved during market-data collection.
SEC_cdeccd4982b1,KRDMD,KRDMD,2020-03-13,2026-07-29,AUTO_NEW_TICKER,,KRDMD,KRDMD.IS,PLANNED,First trading date will be resolved during market-data collection.
SEC_ce700f7367e4,ALARK,ALARK,2020-03-13,2026-07-29,AUTO_NEW_TICKER,,ALARK,ALARK.IS,PLANNED,First trading date will be resolved during market-data collection.
SEC_ceb64dbb616f,ZGYO,ZGYO,2020-03-13,2026-07-29,AUTO_NEW_TICKER,,ZGYO,ZGYO.IS,PLANNED,First trading date will be resolved during market-data collection.
SEC_cf071f8a043e,LXGYO,LXGYO,2020-03-13,2026-07-29,AUTO_NEW_TICKER,,LXGYO,LXGYO.IS,PLANNED,First trading date will be resolved during market-data collection.
SEC_cf5e8e1a1950,ARZUM,ARZUM,2020-03-13,2026-07-29,AUTO_NEW_TICKER,,ARZUM,ARZUM.IS,PLANNED,First trading date will be resolved during market-data collection.
SEC_cfc1603b333f,SUWEN,SUWEN,2020-03-13,2026-07-29,AUTO_NEW_TICKER,,SUWEN,SUWEN.IS,PLANNED,First trading date will be resolved during market-data collection.
SEC_cfdd81b1471c,CMBTN,CMBTN,2020-03-13,2026-07-29,AUTO_NEW_TICKER,,CMBTN,CMBTN.IS,PLANNED,First trading date will be resolved during market-data collection.
SEC_d03da41ef85d,IEYHO,IEYHO,2020-03-13,2026-07-29,AUTO_NEW_TICKER,,IEYHO,IEYHO.IS,PLANNED,First trading date will be resolved during market-data collection.
SEC_d0880be74689,ECILC,ECILC,2020-03-13,2026-07-29,AUTO_NEW_TICKER,,ECILC,ECILC.IS,PLANNED,First trading date will be resolved during market-data collection.
SEC_d0ad7f9ec4a0,SELEC,SELEC,2020-03-13,2026-07-29,AUTO_NEW_TICKER,,SELEC,SELEC.IS,PLANNED,First trading date will be resolved during market-data collection.
SEC_d145f1348bc2,EFOR,EFOR,2020-03-13,2026-07-29,AUTO_NEW_TICKER,,EFOR,EFOR.IS,PLANNED,First trading date will be resolved during market-data collection.
SEC_d1d828db6caf,TKFEN,TKFEN,2020-03-13,2026-07-29,AUTO_NEW_TICKER,,TKFEN,TKFEN.IS,PLANNED,First trading date will be resolved during market-data collection.
SEC_d2de5344cb04,ULKER,ULKER,2020-03-13,2026-07-29,AUTO_NEW_TICKER,,ULKER,ULKER.IS,PLANNED,First trading date will be resolved during market-data collection.
SEC_d30c9bcf43b6,KZBGY,KZBGY,2020-03-13,2026-07-29,AUTO_NEW_TICKER,,KZBGY,KZBGY.IS,PLANNED,First trading date will be resolved during market-data collection.
SEC_d3653698ed3a,GLCVY,GLCVY,2020-03-13,2026-07-29,AUTO_NEW_TICKER,,GLCVY,GLCVY.IS,PLANNED,First trading date will be resolved during market-data collection.
SEC_d3a3d6cbf46f,VKFYO,VKFYO,2020-03-13,2026-07-29,AUTO_NEW_TICKER,,VKFYO,VKFYO.IS,PLANNED,First trading date will be resolved during market-data collection.
SEC_d3c36b9d5e93,LOGO,LOGO,2020-03-13,2026-07-29,AUTO_NEW_TICKER,,LOGO,LOGO.IS,PLANNED,First trading date will be resolved during market-data collection.
SEC_d40e4a7293c1,ENKAI,ENKAI,2020-03-13,2026-07-29,AUTO_NEW_TICKER,,ENKAI,ENKAI.IS,PLANNED,First trading date will be resolved during market-data collection.
SEC_d416e2e05af7,ERSU,ERSU,2020-03-13,2026-07-29,AUTO_NEW_TICKER,,ERSU,ERSU.IS,PLANNED,First trading date will be resolved during market-data collection.
SEC_d439f6642e7a,GRNYO,GRNYO,2020-03-13,2026-07-29,AUTO_NEW_TICKER,,GRNYO,GRNYO.IS,PLANNED,First trading date will be resolved during market-data collection.
SEC_d4a012a88d1c,ISKPL,ISKPL,2020-03-13,2026-07-29,AUTO_NEW_TICKER,,ISKPL,ISKPL.IS,PLANNED,First trading date will be resolved during market-data collection.
SEC_d4c7eeb9c4fb,TTRAK,TTRAK,2020-03-13,2026-07-29,AUTO_NEW_TICKER,,TTRAK,TTRAK.IS,PLANNED,First trading date will be resolved during market-data collection.
SEC_d4ce0399a809,ASTOR,ASTOR,2020-03-13,2026-07-29,AUTO_NEW_TICKER,,ASTOR,ASTOR.IS,PLANNED,First trading date will be resolved during market-data collection.
SEC_d5107b7fdf98,SARAE,SARAE,2020-03-13,2026-07-29,AUTO_NEW_TICKER,,SARAE,SARAE.IS,PLANNED,First trading date will be resolved during market-data collection.
SEC_d5b4bc47a31f,USAK,USAK,2020-03-13,2026-07-29,AUTO_NEW_TICKER,,USAK,USAK.IS,PLANNED,First trading date will be resolved during market-data collection.
SEC_d5ca15ea74d4,RAYSG,RAYSG,2020-03-13,2026-07-29,AUTO_NEW_TICKER,,RAYSG,RAYSG.IS,PLANNED,First trading date will be resolved during market-data collection.
SEC_d673526a1c51,LRSHO,LRSHO,2020-03-13,2026-07-29,AUTO_NEW_TICKER,,LRSHO,LRSHO.IS,PLANNED,First trading date will be resolved during market-data collection.
SEC_d72349238272,ISBIR,ISBIR,2020-03-13,2026-07-29,AUTO_NEW_TICKER,,ISBIR,ISBIR.IS,PLANNED,First trading date will be resolved during market-data collection.
SEC_d734f59791f9,BYDNR,BYDNR,2020-03-13,2026-07-29,AUTO_NEW_TICKER,,BYDNR,BYDNR.IS,PLANNED,First trading date will be resolved during market-data collection.
SEC_d761fab0f626,NETCD,NETCD,2020-03-13,2026-07-29,AUTO_NEW_TICKER,,NETCD,NETCD.IS,PLANNED,First trading date will be resolved during market-data collection.
SEC_d7b1b9b897dc,EBEBK,EBEBK,2020-03-13,2026-07-29,AUTO_NEW_TICKER,,EBEBK,EBEBK.IS,PLANNED,First trading date will be resolved during market-data collection.
SEC_d7e9ac524c56,MTRKS,MTRKS,2020-03-13,2026-07-29,AUTO_NEW_TICKER,,MTRKS,MTRKS.IS,PLANNED,First trading date will be resolved during market-data collection.
SEC_d845ad88309b,SONME,SONME,2020-03-13,2026-07-29,AUTO_NEW_TICKER,,SONME,SONME.IS,PLANNED,First trading date will be resolved during market-data collection.
SEC_d8652703f834,ERCB,ERCB,2020-03-13,2026-07-29,AUTO_NEW_TICKER,,ERCB,ERCB.IS,PLANNED,First trading date will be resolved during market-data collection.
SEC_d8829b90a985,NETAS,NETAS,2020-03-13,2026-07-29,AUTO_NEW_TICKER,,NETAS,NETAS.IS,PLANNED,First trading date will be resolved during market-data collection.
SEC_d88b1d54a5e3,FRIGO,FRIGO,2020-03-13,2026-07-29,AUTO_NEW_TICKER,,FRIGO,FRIGO.IS,PLANNED,First trading date will be resolved during market-data collection.
SEC_d9178ee6f5ba,KERVN,KERVN,2020-03-13,2026-07-29,AUTO_NEW_TICKER,,KERVN,KERVN.IS,PLANNED,First trading date will be resolved during market-data collection.
SEC_d9e4dd4a6168,PKENT,PKENT,2020-03-13,2026-07-29,AUTO_NEW_TICKER,,PKENT,PKENT.IS,PLANNED,First trading date will be resolved during market-data collection.
SEC_da226f4268ba,LUKSK,LUKSK,2020-03-13,2026-07-29,AUTO_NEW_TICKER,,LUKSK,LUKSK.IS,PLANNED,First trading date will be resolved during market-data collection.
SEC_da547dcd25bd,DAGI,DAGI,2020-03-13,2026-07-29,AUTO_NEW_TICKER,,DAGI,DAGI.IS,PLANNED,First trading date will be resolved during market-data collection.
SEC_dacbda2b1676,KZGYO,KZGYO,2020-03-13,2026-07-29,AUTO_NEW_TICKER,,KZGYO,KZGYO.IS,PLANNED,First trading date will be resolved during market-data collection.
SEC_db6a7f31f770,HUNER,HUNER,2020-03-13,2026-07-29,AUTO_NEW_TICKER,,HUNER,HUNER.IS,PLANNED,First trading date will be resolved during market-data collection.
SEC_db753ba51ce6,SANKO,SANKO,2020-03-13,2026-07-29,AUTO_NEW_TICKER,,SANKO,SANKO.IS,PLANNED,First trading date will be resolved during market-data collection.
SEC_db8368f68ac4,IHAAS,IHAAS,2020-03-13,2026-07-29,AUTO_NEW_TICKER,,IHAAS,IHAAS.IS,PLANNED,First trading date will be resolved during market-data collection.
SEC_dbccc8c0253c,SSAAT,SSAAT,2020-03-13,2026-07-29,AUTO_NEW_TICKER,,SSAAT,SSAAT.IS,PLANNED,First trading date will be resolved during market-data collection.
SEC_dc71a6230684,PGSUS,PGSUS,2020-03-13,2026-07-29,AUTO_NEW_TICKER,,PGSUS,PGSUS.IS,PLANNED,First trading date will be resolved during market-data collection.
SEC_dc761317f440,ATATR,ATATR,2020-03-13,2026-07-29,AUTO_NEW_TICKER,,ATATR,ATATR.IS,PLANNED,First trading date will be resolved during market-data collection.
SEC_dcaf04d8792d,MEGAP,MEGAP,2020-03-13,2026-07-29,AUTO_NEW_TICKER,,MEGAP,MEGAP.IS,PLANNED,First trading date will be resolved during market-data collection.
SEC_dd14aa053a4d,QNBFK,QNBFK,2020-03-13,2026-07-29,AUTO_NEW_TICKER,,QNBFK,QNBFK.IS,PLANNED,First trading date will be resolved during market-data collection.
SEC_dd2d32d5656a,SILVR,SILVR,2020-03-13,2026-07-29,AUTO_NEW_TICKER,,SILVR,SILVR.IS,PLANNED,First trading date will be resolved during market-data collection.
SEC_dd37fac4e9eb,ZERGY,ZERGY,2020-03-13,2026-07-29,AUTO_NEW_TICKER,,ZERGY,ZERGY.IS,PLANNED,First trading date will be resolved during market-data collection.
SEC_dd73cc14580f,MARKA,MARKA,2020-03-13,2026-07-29,AUTO_NEW_TICKER,,MARKA,MARKA.IS,PLANNED,First trading date will be resolved during market-data collection.
SEC_dddb1c537d8c,YYLGD,YYLGD,2020-03-13,2026-07-29,AUTO_NEW_TICKER,,YYLGD,YYLGD.IS,PLANNED,First trading date will be resolved during market-data collection.
SEC_de13e49c48ff,AVHOL,AVHOL,2020-03-13,2026-07-29,AUTO_NEW_TICKER,,AVHOL,AVHOL.IS,PLANNED,First trading date will be resolved during market-data collection.
SEC_de92422167b9,DCTTR,DCTTR,2020-03-13,2026-07-29,AUTO_NEW_TICKER,,DCTTR,DCTTR.IS,PLANNED,First trading date will be resolved during market-data collection.
SEC_df215ba5cb04,BESTE,BESTE,2020-03-13,2026-07-29,AUTO_NEW_TICKER,,BESTE,BESTE.IS,PLANNED,First trading date will be resolved during market-data collection.
SEC_df2ab3de9eac,MSGYO,MSGYO,2020-03-13,2026-07-29,AUTO_NEW_TICKER,,MSGYO,MSGYO.IS,PLANNED,First trading date will be resolved during market-data collection.
SEC_df4ff4b2062c,SUNTK,SUNTK,2020-03-13,2026-07-29,AUTO_NEW_TICKER,,SUNTK,SUNTK.IS,PLANNED,First trading date will be resolved during market-data collection.
SEC_df6ca5af4ed5,YAPRK,YAPRK,2020-03-13,2026-07-29,AUTO_NEW_TICKER,,YAPRK,YAPRK.IS,PLANNED,First trading date will be resolved during market-data collection.
SEC_df8328d5e848,LIDER,LIDER,2020-03-13,2026-07-29,AUTO_NEW_TICKER,,LIDER,LIDER.IS,PLANNED,First trading date will be resolved during market-data collection.
SEC_e070c5630b8c,BURCE,BURCE,2020-03-13,2026-07-29,AUTO_NEW_TICKER,,BURCE,BURCE.IS,PLANNED,First trading date will be resolved during market-data collection.
SEC_e0911252acc1,SMART,SMART,2020-03-13,2026-07-29,AUTO_NEW_TICKER,,SMART,SMART.IS,PLANNED,First trading date will be resolved during market-data collection.
SEC_e0bcf7a13c2a,DERHL,DERHL,2020-03-13,2026-07-29,AUTO_NEW_TICKER,,DERHL,DERHL.IS,PLANNED,First trading date will be resolved during market-data collection.
SEC_e0cf6092c24b,GLRYH,GLRYH,2020-03-13,2026-07-29,AUTO_NEW_TICKER,,GLRYH,GLRYH.IS,PLANNED,First trading date will be resolved during market-data collection.
SEC_e12efde01764,OZATD,OZATD,2020-03-13,2026-07-29,AUTO_NEW_TICKER,,OZATD,OZATD.IS,PLANNED,First trading date will be resolved during market-data collection.
SEC_e1812e6d9708,IZFAS,IZFAS,2020-03-13,2026-07-29,AUTO_NEW_TICKER,,IZFAS,IZFAS.IS,PLANNED,First trading date will be resolved during market-data collection.
SEC_e291110e7349,BAKAB,BAKAB,2020-03-13,2026-07-29,AUTO_NEW_TICKER,,BAKAB,BAKAB.IS,PLANNED,First trading date will be resolved during market-data collection.
SEC_e2920c6c95d1,MRSHL,MRSHL,2020-03-13,2026-07-29,AUTO_NEW_TICKER,,MRSHL,MRSHL.IS,PLANNED,First trading date will be resolved during market-data collection.
SEC_e2d3623aab1e,MAALT,MAALT,2020-03-13,2026-07-29,AUTO_NEW_TICKER,,MAALT,MAALT.IS,PLANNED,First trading date will be resolved during market-data collection.
SEC_e2d7462b71d8,KONKA,KONKA,2020-03-13,2026-07-29,AUTO_NEW_TICKER,,KONKA,KONKA.IS,PLANNED,First trading date will be resolved during market-data collection.
SEC_e3386777a5b6,BRKVY,BRKVY,2020-03-13,2026-07-29,AUTO_NEW_TICKER,,BRKVY,BRKVY.IS,PLANNED,First trading date will be resolved during market-data collection.
SEC_e37e506987c7,ESCAR,ESCAR,2020-03-13,2026-07-29,AUTO_NEW_TICKER,,ESCAR,ESCAR.IS,PLANNED,First trading date will be resolved during market-data collection.
SEC_e3af50f94532,PSDTC,PSDTC,2020-03-13,2026-07-29,AUTO_NEW_TICKER,,PSDTC,PSDTC.IS,PLANNED,First trading date will be resolved during market-data collection.
SEC_e3c913a2dc46,MRGYO,MRGYO,2020-03-13,2026-07-29,AUTO_NEW_TICKER,,MRGYO,MRGYO.IS,PLANNED,First trading date will be resolved during market-data collection.
SEC_e46b971f18ef,SNICA,SNICA,2020-03-13,2026-07-29,AUTO_NEW_TICKER,,SNICA,SNICA.IS,PLANNED,First trading date will be resolved during market-data collection.
SEC_e4712ed8f5e0,OSTIM,OSTIM,2020-03-13,2026-07-29,AUTO_NEW_TICKER,,OSTIM,OSTIM.IS,PLANNED,First trading date will be resolved during market-data collection.
SEC_e4907263d589,VESTL,VESTL,2020-03-13,2026-07-29,AUTO_NEW_TICKER,,VESTL,VESTL.IS,PLANNED,First trading date will be resolved during market-data collection.
SEC_e4c5f0b15c89,IHYAY,IHYAY,2020-03-13,2026-07-29,AUTO_NEW_TICKER,,IHYAY,IHYAY.IS,PLANNED,First trading date will be resolved during market-data collection.
SEC_e5a5c59486fe,AKSA,AKSA,2020-03-13,2026-07-29,AUTO_NEW_TICKER,,AKSA,AKSA.IS,PLANNED,First trading date will be resolved during market-data collection.
SEC_e601f78f5bac,MEGMT,MEGMT,2020-03-13,2026-07-29,AUTO_NEW_TICKER,,MEGMT,MEGMT.IS,PLANNED,First trading date will be resolved during market-data collection.
SEC_e62afe6b9cfd,NUGYO,NUGYO,2020-03-13,2026-07-29,AUTO_NEW_TICKER,,NUGYO,NUGYO.IS,PLANNED,First trading date will be resolved during market-data collection.
SEC_e6762b24ca1c,BIGTK,BIGTK,2020-03-13,2026-07-29,AUTO_NEW_TICKER,,BIGTK,BIGTK.IS,PLANNED,First trading date will be resolved during market-data collection.
SEC_e67a4f461a08,BJKAS,BJKAS,2020-03-13,2026-07-29,AUTO_NEW_TICKER,,BJKAS,BJKAS.IS,PLANNED,First trading date will be resolved during market-data collection.
SEC_e67b4c869803,ATAKP,ATAKP,2020-03-13,2026-07-29,AUTO_NEW_TICKER,,ATAKP,ATAKP.IS,PLANNED,First trading date will be resolved during market-data collection.
SEC_e6943e881969,TCKRC,TCKRC,2020-03-13,2026-07-29,AUTO_NEW_TICKER,,TCKRC,TCKRC.IS,PLANNED,First trading date will be resolved during market-data collection.
SEC_e6d6c3d7a549,FENER,FENER,2020-03-13,2026-07-29,AUTO_NEW_TICKER,,FENER,FENER.IS,PLANNED,First trading date will be resolved during market-data collection.
SEC_e6e6a84f0b1d,DIRIT,DIRIT,2020-03-13,2026-07-29,AUTO_NEW_TICKER,,DIRIT,DIRIT.IS,PLANNED,First trading date will be resolved during market-data collection.
SEC_e70c5fd7131e,KLKIM,KLKIM,2020-03-13,2026-07-29,AUTO_NEW_TICKER,,KLKIM,KLKIM.IS,PLANNED,First trading date will be resolved during market-data collection.
SEC_e71d97bb7d86,ANGEN,ANGEN,2020-03-13,2026-07-29,AUTO_NEW_TICKER,,ANGEN,ANGEN.IS,PLANNED,First trading date will be resolved during market-data collection.
SEC_e74d853495f2,MACKO,MACKO,2020-03-13,2026-07-29,AUTO_NEW_TICKER,,MACKO,MACKO.IS,PLANNED,First trading date will be resolved during market-data collection.
SEC_e79277f1d564,MARTI,MARTI,2020-03-13,2026-07-29,AUTO_NEW_TICKER,,MARTI,MARTI.IS,PLANNED,First trading date will be resolved during market-data collection.
SEC_e800e369c854,DENGE,DENGE,2020-03-13,2026-07-29,AUTO_NEW_TICKER,,DENGE,DENGE.IS,PLANNED,First trading date will be resolved during market-data collection.
SEC_e870714908f0,FROTO,FROTO,2020-03-13,2026-07-29,AUTO_NEW_TICKER,,FROTO,FROTO.IS,PLANNED,First trading date will be resolved during market-data collection.
SEC_e8b0f4236c93,KAPLM,KAPLM,2020-03-13,2026-07-29,AUTO_NEW_TICKER,,KAPLM,KAPLM.IS,PLANNED,First trading date will be resolved during market-data collection.
SEC_e99754a08737,IHLAS,IHLAS,2020-03-13,2026-07-29,AUTO_NEW_TICKER,,IHLAS,IHLAS.IS,PLANNED,First trading date will be resolved during market-data collection.
SEC_e9a9b76b681f,GESAN,GESAN,2020-03-13,2026-07-29,AUTO_NEW_TICKER,,GESAN,GESAN.IS,PLANNED,First trading date will be resolved during market-data collection.
SEC_e9f77e2f15ff,CEMZY,CEMZY,2020-03-13,2026-07-29,AUTO_NEW_TICKER,,CEMZY,CEMZY.IS,PLANNED,First trading date will be resolved during market-data collection.
SEC_ea33a1a12aba,PLTUR,PLTUR,2020-03-13,2026-07-29,AUTO_NEW_TICKER,,PLTUR,PLTUR.IS,PLANNED,First trading date will be resolved during market-data collection.
SEC_eaeae2e1ae2d,RYSAS,RYSAS,2020-03-13,2026-07-29,AUTO_NEW_TICKER,,RYSAS,RYSAS.IS,PLANNED,First trading date will be resolved during market-data collection.
SEC_eb7820adc817,BIMAS,BIMAS,2020-03-13,2026-07-29,AUTO_NEW_TICKER,,BIMAS,BIMAS.IS,PLANNED,First trading date will be resolved during market-data collection.
SEC_eb9d666e2ede,KLNMA,KLNMA,2020-03-13,2026-07-29,AUTO_NEW_TICKER,,KLNMA,KLNMA.IS,PLANNED,First trading date will be resolved during market-data collection.
SEC_ec707280bec2,GEREL,GEREL,2020-03-13,2026-07-29,AUTO_NEW_TICKER,,GEREL,GEREL.IS,PLANNED,First trading date will be resolved during market-data collection.
SEC_ecb8038467ca,TRCAS,TRCAS,2020-03-13,2026-07-29,AUTO_NEW_TICKER,,TRCAS,TRCAS.IS,PLANNED,First trading date will be resolved during market-data collection.
SEC_ece7b8cd965b,LINK,LINK,2020-03-13,2026-07-29,AUTO_NEW_TICKER,,LINK,LINK.IS,PLANNED,First trading date will be resolved during market-data collection.
SEC_ed2a5dcf8cf6,AVGYO,AVGYO,2020-03-13,2026-07-29,AUTO_NEW_TICKER,,AVGYO,AVGYO.IS,PLANNED,First trading date will be resolved during market-data collection.
SEC_eda5198ecb05,GOZDE,GOZDE,2020-03-13,2026-07-29,AUTO_NEW_TICKER,,GOZDE,GOZDE.IS,PLANNED,First trading date will be resolved during market-data collection.
SEC_ee1d7bc1f60a,AGYO,AGYO,2020-03-13,2026-07-29,AUTO_NEW_TICKER,,AGYO,AGYO.IS,PLANNED,First trading date will be resolved during market-data collection.
SEC_ee66dfbece82,KNFRT,KNFRT,2020-03-13,2026-07-29,AUTO_NEW_TICKER,,KNFRT,KNFRT.IS,PLANNED,First trading date will be resolved during market-data collection.
SEC_ee94df734aa8,AKMGY,AKMGY,2020-03-13,2026-07-29,AUTO_NEW_TICKER,,AKMGY,AKMGY.IS,PLANNED,First trading date will be resolved during market-data collection.
SEC_ef4425968963,TATGD,TATGD,2020-03-13,2026-07-29,AUTO_NEW_TICKER,,TATGD,TATGD.IS,PLANNED,First trading date will be resolved during market-data collection.
SEC_efe25fab9175,BASCM,BASCM,2020-03-13,2026-07-29,AUTO_NEW_TICKER,,BASCM,BASCM.IS,PLANNED,First trading date will be resolved during market-data collection.
SEC_f00dc33fba9c,UCAYM,UCAYM,2020-03-13,2026-07-29,AUTO_NEW_TICKER,,UCAYM,UCAYM.IS,PLANNED,First trading date will be resolved during market-data collection.
SEC_f06cb2b68a3f,BIGEN,BIGEN,2020-03-13,2026-07-29,AUTO_NEW_TICKER,,BIGEN,BIGEN.IS,PLANNED,First trading date will be resolved during market-data collection.
SEC_f123abe79edb,ISGYO,ISGYO,2020-03-13,2026-07-29,AUTO_NEW_TICKER,,ISGYO,ISGYO.IS,PLANNED,First trading date will be resolved during market-data collection.
SEC_f1c4c57bffc6,DOAS,DOAS,2020-03-13,2026-07-29,AUTO_NEW_TICKER,,DOAS,DOAS.IS,PLANNED,First trading date will be resolved during market-data collection.
SEC_f1fa69cd0dca,EKGYO,EKGYO,2020-03-13,2026-07-29,AUTO_NEW_TICKER,,EKGYO,EKGYO.IS,PLANNED,First trading date will be resolved during market-data collection.
SEC_f2b5ef2e6940,HRKET,HRKET,2020-03-13,2026-07-29,AUTO_NEW_TICKER,,HRKET,HRKET.IS,PLANNED,First trading date will be resolved during market-data collection.
SEC_f3a84c6b62b5,KFEIN,KFEIN,2020-03-13,2026-07-29,AUTO_NEW_TICKER,,KFEIN,KFEIN.IS,PLANNED,First trading date will be resolved during market-data collection.
SEC_f46bab7a8fa0,AYCES,AYCES,2020-03-13,2026-07-29,AUTO_NEW_TICKER,,AYCES,AYCES.IS,PLANNED,First trading date will be resolved during market-data collection.
SEC_f4b2f5d881d7,EGSER,EGSER,2020-03-13,2026-07-29,AUTO_NEW_TICKER,,EGSER,EGSER.IS,PLANNED,First trading date will be resolved during market-data collection.
SEC_f5169b532994,BOBET,BOBET,2020-03-13,2026-07-29,AUTO_NEW_TICKER,,BOBET,BOBET.IS,PLANNED,First trading date will be resolved during market-data collection.
SEC_f51df401bcec,AKSGY,AKSGY,2020-03-13,2026-07-29,AUTO_NEW_TICKER,,AKSGY,AKSGY.IS,PLANNED,First trading date will be resolved during market-data collection.
SEC_f54a7c7dd982,PRKME,PRKME,2020-03-13,2026-07-29,AUTO_NEW_TICKER,,PRKME,PRKME.IS,PLANNED,First trading date will be resolved during market-data collection.
SEC_f5a07d776d1b,DZGYO,DZGYO,2020-03-13,2026-07-29,AUTO_NEW_TICKER,,DZGYO,DZGYO.IS,PLANNED,First trading date will be resolved during market-data collection.
SEC_f60d5adf6e21,ARASE,ARASE,2020-03-13,2026-07-29,AUTO_NEW_TICKER,,ARASE,ARASE.IS,PLANNED,First trading date will be resolved during market-data collection.
SEC_f69ec91e1184,TERA,TERA,2020-03-13,2026-07-29,AUTO_NEW_TICKER,,TERA,TERA.IS,PLANNED,First trading date will be resolved during market-data collection.
SEC_f6ff9d62ea51,TKNSA,TKNSA,2020-03-13,2026-07-29,AUTO_NEW_TICKER,,TKNSA,TKNSA.IS,PLANNED,First trading date will be resolved during market-data collection.
SEC_f7a65804c832,RODRG,RODRG,2020-03-13,2026-07-29,AUTO_NEW_TICKER,,RODRG,RODRG.IS,PLANNED,First trading date will be resolved during market-data collection.
SEC_f8006ae5caa8,AGROT,AGROT,2020-03-13,2026-07-29,AUTO_NEW_TICKER,,AGROT,AGROT.IS,PLANNED,First trading date will be resolved during market-data collection.
SEC_f86c1b03be87,CMENT,CMENT,2020-03-13,2026-07-29,AUTO_NEW_TICKER,,CMENT,CMENT.IS,PLANNED,First trading date will be resolved during market-data collection.
SEC_f879cc5850ff,LILAK,LILAK,2020-03-13,2026-07-29,AUTO_NEW_TICKER,,LILAK,LILAK.IS,PLANNED,First trading date will be resolved during market-data collection.
SEC_f896684301ec,SEGYO,SEGYO,2020-03-13,2026-07-29,AUTO_NEW_TICKER,,SEGYO,SEGYO.IS,PLANNED,First trading date will be resolved during market-data collection.
SEC_f8abfc4920a2,DURKN,DURKN,2020-03-13,2026-07-29,AUTO_NEW_TICKER,,DURKN,DURKN.IS,PLANNED,First trading date will be resolved during market-data collection.
SEC_f936bb22df1d,KLGYO,KLGYO,2020-03-13,2026-07-29,AUTO_NEW_TICKER,,KLGYO,KLGYO.IS,PLANNED,First trading date will be resolved during market-data collection.
SEC_f958c7300c98,METRO,METRO,2020-03-13,2026-07-29,AUTO_NEW_TICKER,,METRO,METRO.IS,PLANNED,First trading date will be resolved during market-data collection.
SEC_f9ae7dda6b54,PAHOL,PAHOL,2020-03-13,2026-07-29,AUTO_NEW_TICKER,,PAHOL,PAHOL.IS,PLANNED,First trading date will be resolved during market-data collection.
SEC_f9b88b8c198c,BMSCH,BMSCH,2020-03-13,2026-07-29,AUTO_NEW_TICKER,,BMSCH,BMSCH.IS,PLANNED,First trading date will be resolved during market-data collection.
SEC_fa0982616141,TRALT,TRALT,2020-03-13,2026-07-29,AUTO_NEW_TICKER,,TRALT,TRALT.IS,PLANNED,First trading date will be resolved during market-data collection.
SEC_fac5c636c98e,ARTMS,ARTMS,2020-03-13,2026-07-29,AUTO_NEW_TICKER,,ARTMS,ARTMS.IS,PLANNED,First trading date will be resolved during market-data collection.
SEC_fb7ab6b2d4ad,MERIT,MERIT,2020-03-13,2026-07-29,AUTO_NEW_TICKER,,MERIT,MERIT.IS,PLANNED,First trading date will be resolved during market-data collection.
SEC_fbc527cf7359,KLYPV,KLYPV,2020-03-13,2026-07-29,AUTO_NEW_TICKER,,KLYPV,KLYPV.IS,PLANNED,First trading date will be resolved during market-data collection.
SEC_fbe7a990badb,AKSEN,AKSEN,2020-03-13,2026-07-29,AUTO_NEW_TICKER,,AKSEN,AKSEN.IS,PLANNED,First trading date will be resolved during market-data collection.
SEC_fc147934d611,EUYO,EUYO,2020-03-13,2026-07-29,AUTO_NEW_TICKER,,EUYO,EUYO.IS,PLANNED,First trading date will be resolved during market-data collection.
SEC_fd5661113f0f,MARBL,MARBL,2020-03-13,2026-07-29,AUTO_NEW_TICKER,,MARBL,MARBL.IS,PLANNED,First trading date will be resolved during market-data collection.
SEC_fe0355eba3b3,TRMET,TRMET,2020-03-13,2026-07-29,AUTO_NEW_TICKER,,TRMET,TRMET.IS,PLANNED,First trading date will be resolved during market-data collection.
SEC_fe5ae2ac3db2,SERNT,SERNT,2020-03-13,2026-07-29,AUTO_NEW_TICKER,,SERNT,SERNT.IS,PLANNED,First trading date will be resolved during market-data collection.
SEC_ff065cb274f4,GEDIK,GEDIK,2020-03-13,2026-07-29,AUTO_NEW_TICKER,,GEDIK,GEDIK.IS,PLANNED,First trading date will be resolved during market-data collection.
SEC_ff24fd07e3cd,ORGE,ORGE,2020-03-13,2026-07-29,AUTO_NEW_TICKER,,ORGE,ORGE.IS,PLANNED,First trading date will be resolved during market-data collection.
